danceability,energy,loudness,speechiness,acousticness,instrumentalness,liveness,valence,tempo,id,duration_ms
0.423,0.685,-9.651,0.078,6.28e-05,0.00642,0.133,0.328,162.78,3q9G9SvgdfE1fxlvoDIb20,167720
0.324,0.991,-4.465,0.197,0.00247,0.00895,0.104,0.195,140.245,47FyQCd3TYLrZ9TU6MPaWK,166707
0.308,0.866,-5.671,0.059,0.000739,0.00141,0.232,0.227,109.825,6p8eFfPw3nQkf37aT3AkmK,438120
0.453,0.905,-4.001,0.115,0.36,0.000569,0.26,0.474,137.571,2b9lp5A6CqSzwOrBfAFhof,296200
0.42,0.93,-5.583,0.0638,0.0189,0.00675,0.264,0.344,99.641,1s4Ie0cT6P73SRSfh3oyGW,291373
0.227,0.995,-4.361,0.173,0.000405,0.393,0.127,0.0363,87.499,4fiOTntQKr24p07FvQDHZE,255187
0.304,0.909,-5.162,0.0362,0.00185,0.122,0.362,0.348,103.99,1iGXvUsVVkYBas0Cniw6NB,432800
0.334,0.829,-9.17,0.0995,0.00327,0.00393,0.095,0.502,157.565,1Rhr64SXn8s4LjnpPAUHon,354213
0.538,0.872,-7.658,0.0361,0.000608,0.573,0.0946,0.593,105.102,6NwbeybX6TDtXlpXvnUOZC,516293
0.5,0.832,-4.229,0.0513,0.0191,0.000216,0.0829,0.593,145.091,4m1slXE2kaXbXVfZQ0q3Om,94655
0.333,0.445,-16.343,0.0283,0.00858,0.0451,0.167,0.35,89.371,6LtNEH08J18r4HLs4HzvqW,417840
0.435,0.987,-4.667,0.16,0.000195,0.0847,0.268,0.101,103.16,0L7zm6afBEtrNKo6C6Gj08,365827
0.444,0.703,-9.443,0.0641,0.00112,0.0761,0.127,0.419,106.228,64Ret7Tf2M8pDE4aqbW2tX,447440
0.298,0.885,-7.679,0.0551,0.0323,0.00711,0.288,0.57,173.304,1sBxsfQCNIYQ77tUU073sZ,368493
0.311,0.437,-13.77,0.0408,0.196,0.339,0.241,0.0886,132.389,1PL2GSxmZluXBWVsfgdw79,377160
0.339,0.888,-12.179,0.0698,0.00293,0.318,0.296,0.319,125.086,0bM9c5A7CterSOEssmWqAa,396133
0.284,0.329,-13.403,0.0323,0.0191,0.35,0.103,0.213,74.563,2B3LrkMAmRVFj6RORrDLHi,473560
0.431,0.947,-6.011,0.0752,0.000779,0.000253,0.356,0.365,96.539,3kubJ2b1Rad7NXZtnZAZmO,218867
0.558,0.964,-6.705,0.0722,5.58e-05,0.261,0.292,0.533,129.88,17ANoGm9885srOfzisXHmo,200300
0.443,0.955,-8.066,0.0741,0.0222,0.361,0.297,0.333,123.423,0oWHLtxWeMJhmwxtrxhNK0,273600
0.375,0.951,-9.113,0.113,0.000754,0.259,0.103,0.198,100.631,3LM41UarpHPJkUZ7rVbbGx,395133
0.258,0.907,-7.287,0.112,0.0183,0.201,0.11,0.317,113.679,12oSzrBIyirNs0aCwk6elL,417400
0.286,0.856,-6.777,0.0585,0.0238,0.0542,0.487,0.696,162.12,2pxAohyJptQWTQ5ZRWYijN,250973
0.544,0.739,-7.383,0.0517,0.00392,0.000143,0.168,0.328,118.287,2dbOYFfS7r7NAzquRvji9A,342600
0.564,0.805,-5.977,0.0426,0.0598,0.25,0.0631,0.837,114.249,7dQ7jYmdsCRWXyjjgwaLy7,378107
0.548,0.894,-6.35,0.043,0.000908,0.013,0.0729,0.9,150.012,4yEvEw6cvs9MpSfQUToJG9,259808
0.303,0.922,-4.376,0.138,0.000676,0.26,0.561,0.695,138.393,3090goAxG6IlpCifA8m9xB,242533
0.221,0.956,-4.641,0.0876,0.0103,0.000523,0.195,0.432,173.254,2JS1iE5A5RHvUPH5Zl9jlF,233960
0.511,0.82,-6.962,0.049,0.00467,6.07e-06,0.104,0.543,138.2,55cd3NlqktNjhAZcPvaUvk,310067
0.469,0.823,-9.913,0.0679,0.0544,0.067,0.0496,0.155,91.949,3Q5oNMl4OYrycajbOofpyY,350013
0.519,0.861,-6.67,0.0758,0.0173,0.00312,0.06,0.213,117.846,4hOohf45f0JtxYKNsEAIOV,309933
0.254,0.985,-6.778,0.188,5.26e-05,0.363,0.0558,0.0397,162.947,3HUUKh0ZXFi5x2XgAHjtz6,244160
0.254,0.811,-13.416,0.0542,0.000573,0.221,0.11,0.416,168.398,1A9bOtUg91RLO9nGzXF8ao,336760
0.405,0.796,-8.495,0.076,0.00512,7.69e-05,0.937,0.405,117.187,0wDEkVj05E3atMDS7upJin,240320
0.538,0.923,-5.154,0.0447,0.00046,0.00863,0.564,0.445,124.449,1zMXCwfwiIGPZA4kq7ideV,274867
0.315,0.822,-10.437,0.103,0.047,0.0077,0.274,0.164,150.499,1VRnW4Qk8PP3EGGFMs6Z32,416693
0.444,0.922,-4.519,0.0529,0.00635,0.0,0.305,0.301,140.206,7sicPw7V9SYJl3Zjme9i4p,225533
0.535,0.968,-3.952,0.0658,0.000894,0.0127,0.236,0.384,110.964,745PEogChr9LC3ctmXeijC,289920
0.525,0.833,-5.844,0.0372,5.83e-05,0.623,0.107,0.621,140.732,3azSRGmcZSaSZVV3Izg4Tg,212000
0.318,0.527,-8.388,0.0275,0.307,0.00193,0.169,0.236,87.186,67TDP21NkdDbavSA0sMk8v,388733
0.355,0.998,-6.046,0.141,5.6e-05,0.0163,0.347,0.0393,105.692,5FvOGIzAQuJyNaEM62mhIG,229640
0.166,0.948,-8.503,0.0631,0.00374,0.0131,0.769,0.476,177.495,1aDNYyeU62BuQsBAY18i48,506160
0.287,0.716,-5.653,0.0311,0.0381,3.24e-05,0.164,0.544,172.123,3Rtv6zRNKpeSygXoaF9kCm,409800
0.445,0.964,-5.493,0.282,0.037,0.0132,0.0773,0.448,140.817,28WmNsclKsrVmdv3tDmoYU,414720
0.274,0.726,-11.541,0.0449,0.000212,0.0113,0.0993,0.426,146.449,4vJr55lngvhSM8WIh9CjQc,422933
0.226,0.978,-5.729,0.209,3.6e-06,0.533,0.0436,0.242,102.374,2l0h4aBFLp9HdoaNdCTlbW,266773
0.263,0.97,-4.182,0.163,0.00338,0.000795,0.0922,0.17,151.729,3Ky8IzV8IVSwijtaTWB2SK,397827
0.362,0.961,-5.664,0.0857,0.024,9.35e-06,0.159,0.491,164.019,2RaA6kIcvomt77qlIgGhCT,153840
0.446,0.97,-5.004,0.0508,0.00754,0.000275,0.199,0.595,94.233,2SrVGpjv0mqCR6j9EZPSm2,363587
0.311,0.658,-13.529,0.0406,0.0706,0.104,0.093,0.353,151.813,3ZuVfQriS93y6ofwbIf7lp,314720
0.61,0.891,-5.452,0.0587,0.000805,0.0928,0.0657,0.51,139.903,51TG9W3y9qyO8BY5RXKgnZ,246733
0.3,0.936,-5.399,0.0456,0.0337,0.021,0.158,0.756,133.065,3wFGRek61NIF330UwJCI52,271907
0.314,0.959,-4.657,0.0908,0.0263,0.000148,0.161,0.492,154.221,1HM7Vp84E4SMzdrZONg6bH,309640
0.508,0.912,-8.049,0.0368,7.06e-05,0.403,0.0492,0.682,117.582,5qFxuUIAwJlzO60vqOiL7y,252693
0.361,0.631,-9.215,0.0356,0.404,9.9e-05,0.0685,0.541,137.757,2CzKVfVA9U7OKbIpAVPZOk,347627
0.415,0.908,-9.701,0.0765,0.00437,0.0345,0.082,0.437,114.816,2SgbR6ttzoNlCRGQOKjrop,243533
0.368,0.917,-4.829,0.0772,0.147,0.000121,0.169,0.343,110.455,3vhKrSxe3fRuS5Ogis76VO,230760
0.456,0.865,-4.607,0.0585,0.00609,0.000544,0.237,0.608,140.067,3CspfYGpqAqgbRqUuxmW0r,94571
0.224,0.938,-6.907,0.408,0.00157,0.0765,0.106,0.327,203.79,2YTwVDQOSGclX2N3AKetOP,432547
0.397,0.852,-6.348,0.0344,0.00024,0.000282,0.228,0.506,96.064,4nvYDy427VvA1TcEkdgZII,292720
0.481,0.928,-8.799,0.0672,0.00022,0.558,0.106,0.427,96.699,6UB9mShVLbMm0W4e6vud4C,312360
0.464,0.612,-12.019,0.0591,0.116,0.00559,0.171,0.496,91.499,0W35nxtHtFlseSojmygEsf,474400
0.612,0.807,-2.81,0.0336,0.0495,0.0177,0.101,0.398,124.053,2QjOHCTQ1Jl3zawyYOpxh6,240400
0.749,0.491,-9.655,0.0403,0.02,0.00899,0.159,0.536,119.528,3vkQ5DAB1qQMYO4Mr9zJN6,292613
0.647,0.514,-10.05,0.0593,0.0655,0.0,0.398,0.386,79.975,1DIXPcTDzTj8ZMHt3PDt8p,240693
0.384,0.438,-9.149,0.0362,0.753,0.0,0.101,0.287,87.903,5EQzuYfTZt7B2LqlvTF49l,456867
0.645,0.795,-12.095,0.0527,0.347,0.00389,0.104,0.535,112.067,4RvWPyQ5RL0ao9LPZeSouE,251489
0.556,0.864,-5.87,0.0584,0.00958,0.0,0.209,0.4,105.143,60a0Rd6pjrkxjPbaKzXjfq,216880
0.352,0.911,-5.23,0.0747,0.00121,0.0,0.0995,0.236,148.033,003vvx7Niy0yvhvHt4a68B,222973
0.573,0.902,-7.638,0.054,0.018,0.00125,0.0928,0.876,84.412,2WfaOiMkCvy7F5fcp2zZ8L,225280
0.532,0.887,-3.757,0.0335,0.0778,0.000214,0.294,0.795,122.511,37ZJ0p5Jm13JPevGcx4SkF,249293
0.504,0.904,-6.863,0.179,0.356,0.121,0.14,0.772,176.808,1jDJFeK9x3OZboIAHsY9k2,183440
0.726,0.787,-2.494,0.0737,0.009,0.0,0.0596,0.888,124.99,4cluDES4hQEUhmXj6TXkSo,199987
0.671,0.373,-18.064,0.0323,0.257,8.01e-05,0.0481,0.732,92.718,2374M0fQpWi3dLnB54qaLX,295893
0.543,0.87,-6.514,0.0428,0.358,0.000939,0.792,0.754,100.804,0GjEhVFGZW8afUYGChu3Rr,230400
0.578,0.866,-3.804,0.0619,0.00701,0.0,0.257,0.619,128.038,4kbj5MwxO1bq9wjT5g9HaA,199080
0.758,0.871,-6.408,0.147,0.0062,0.0,0.0663,0.753,126.994,6bNB5gxFX6Q87DbQWb8OWZ,202627
0.673,0.886,-4.44,0.0431,0.185,0.0,0.0826,0.795,97.012,4HlFJV71xXKIGcU3kRyttv,216773
0.774,0.838,-3.914,0.114,0.0249,0.025,0.242,0.924,143.04,6I9VzXrHxO9rA9A5euc8Ak,198800
0.768,0.852,-6.215,0.038,0.214,7.36e-05,0.0723,0.867,128.373,07q0QVgO56EorrSGHC48y3,271240
0.697,0.832,-7.264,0.0298,0.168,0.00131,0.269,0.979,125.926,2grjqo0Frpf2okIBiifQKs,215093
0.641,0.922,-4.457,0.0786,0.0291,0.0,0.0862,0.847,146.078,3bidbhpOYeV4knp8AIu8Xn,258343
0.508,0.834,-6.205,0.0386,0.0183,0.0,0.0732,0.774,139.131,0GONea6G2XdnHWjNZd6zt3,216053
0.727,0.974,-2.261,0.0664,0.103,0.000532,0.174,0.965,79.526,2PpruBYCo4H7WOBJ7Q2EwM,235213
0.689,0.694,-5.83,0.027,0.257,0.0,0.148,0.482,99.039,47BBI51FKFwOMlIiX6m8ya,213307
0.472,0.671,-4.649,0.029,0.0129,0.0,0.159,0.0681,82.952,77loZpT5Y5PRP1S451P9Yz,232800
0.581,0.963,-4.087,0.0981,0.0295,0.0,0.139,0.788,129.992,3cHyrEgdyYRjgJKSOiOtcS,204160
0.434,0.897,-4.918,0.0488,0.0103,0.0,0.612,0.684,148.726,2m1hi0nfMR9vdGC8UcrnwU,167067
0.918,0.609,-5.64,0.0791,0.0928,0.0,0.139,0.304,128.008,0CAfXk7DXMnon4gLudAp7J,231400
0.755,0.837,-2.718,0.142,0.0991,0.0,0.289,0.714,120.028,0HPD5WQqrq7wPWR7P7Dw1i,199693
0.728,0.859,-5.237,0.137,0.0401,0.0,0.111,0.535,65.043,6epn3r7S14KUqlReYr77hA,214240
0.773,0.758,-4.993,0.0381,0.0422,0.0,0.305,0.925,144.033,6RtPijgfPKROxEzTHNRiDp,224840
0.858,0.678,-3.87,0.0469,0.0761,0.0,0.0741,0.922,117.009,0laYHRpNTS6i8FXdupHkJ4,188453
0.768,0.864,-6.145,0.0324,0.101,0.0,0.162,0.891,110.008,1Je1IMUlBXcx1Fz0WE7oPT,173027
0.551,0.913,-4.063,0.0466,0.0263,1.35e-05,0.347,0.544,119.992,0v1XpBHnsbkCn7iJ9Ucr1l,224493
0.574,0.628,-8.815,0.036,0.13,0.0,0.271,0.803,153.119,4jDmJ51x1o9NZB5Nxxc7gY,300107
0.446,0.764,-5.042,0.033,0.00135,0.0,0.099,0.543,172.094,0gmbgwZ8iqyMPmXefof8Yf,223840
0.62,0.573,-11.893,0.0423,0.271,0.0,0.0607,0.897,81.548,0ikz6tENMONtK6qGkOrU3c,231333
0.596,0.869,-11.97,0.037,0.0116,0.173,0.0678,0.944,109.902,05wIrZSwuaVWhcv5FfqeH0,238733
0.71,0.799,-4.897,0.0328,0.22,0.000602,0.349,0.725,120.372,4y1LsJpmMti1PfRQV9AWWe,238267
0.585,0.776,-5.898,0.0459,0.0572,7.74e-06,0.3,0.427,77.987,5xEM5hIgJ1jjgcEBfpkt2F,244507
0.721,0.939,-11.823,0.0376,0.115,3.79e-05,0.108,0.914,113.309,4cOdK2wGLETKBW3PvgPWqT,213573
0.656,0.291,-10.572,0.0293,0.872,0.0,0.114,0.298,103.971,4RCWB3V8V0dignt99LZ8vH,232533
0.4,0.915,-4.89,0.28,0.0846,0.0,0.0503,0.878,88.917,2a1o6ZejUi8U3wzzOtCOYw,198773
0.731,0.867,-5.881,0.032,0.0395,0.0,0.0861,0.776,104.019,3cfOd4CMv2snFaKAnMdnvK,200373
0.512,0.662,-6.797,0.0439,0.0275,0.0,0.118,0.472,180.114,3DamFFqW32WihKkTVlwTYQ,228347
0.751,0.834,-5.444,0.0437,0.3,1.77e-05,0.355,0.894,95.053,6naxalmIoLFWR0siv8dnQQ,211160
0.572,0.835,-6.219,0.0317,0.171,0.000377,0.0702,0.795,129.981,7N3PAbqfTjSEU1edb2tY8j,241600
0.603,0.834,-5.766,0.0417,0.0411,0.00609,0.105,0.376,89.957,4bJygwUKrRgq1stlNXcgMg,214440
0.729,0.844,-8.824,0.0344,0.149,2.87e-06,0.0604,0.777,131.459,7HW5WIw7ZgZORCzUxv5gW5,275440
0.481,0.638,-5.862,0.0276,0.153,0.0,0.154,0.497,79.064,2hKdd3qO7cWr2Jo0Bcs0MA,259933
0.526,0.749,-6.964,0.0283,0.023,1.76e-06,0.0692,0.421,99.982,754kgU5rWscRTfvlsuEwFp,208680
0.762,0.661,-6.075,0.0687,0.15,0.0,0.256,0.769,130.009,1hGy2eLcmC8eKx7qr1tOqx,225373
0.578,0.817,-6.542,0.0363,0.183,3.06e-06,0.285,0.726,141.621,5DiXcVovI0FcY2s0icWWUu,272293
0.632,0.856,-3.463,0.0348,0.0624,0.0,0.347,0.867,119.397,3Fzlg5r1IjhLk2qRw667od,232693
0.554,0.783,-5.852,0.0457,0.416,1.54e-06,0.631,0.813,105.39,4w3tQBXhn5345eUXDGBWZG,162467
0.749,0.748,-7.011,0.0323,0.295,0.000443,0.469,0.827,137.547,2TxCwUlqaOH3TIyJqGgR91,213267
0.529,0.843,-6.908,0.0616,0.0628,0.000827,0.0608,0.188,117.662,3MrRksHupTVEQ7YbA0FsZK,310333
0.529,0.127,-16.066,0.0274,0.611,0.000109,0.237,0.578,63.05,62AuGbAkt8Ox2IrFFb8GKV,203573
0.431,0.723,-5.887,0.0568,0.145,0.0,0.374,0.19,130.141,7wuJGgpTNzbUyn26IOY6rj,267360
0.652,0.917,-6.72,0.0548,0.0082,0.0,0.0509,0.459,132.975,2goLsvvODILDzeeiT4dAoR,239027
0.758,0.712,-3.781,0.112,0.0185,0.0,0.0677,0.795,149.998,2q4rjDy9WhaN3o9MvDbO21,193387
0.56,0.825,-3.862,0.0379,0.323,0.0,0.161,0.268,94.931,4w1lzcaoZ1IC2K5TwjalRP,237493
0.652,0.698,-4.667,0.042,0.00112,0.000115,0.0886,0.47,96.021,5Q0Nhxo0l2bP3pNjpGJwV1,202067
0.541,0.401,-10.499,0.0365,0.576,0.0,0.164,0.24,152.943,31er9IGsfFbwqy1pH4aiTP,289160
0.566,0.713,-4.25,0.0418,0.645,0.0,0.114,0.805,169.861,0LQtEJt7x0s6knb6RKdRYc,238147
0.535,0.716,-5.025,0.0431,0.326,0.0,0.659,0.901,94.379,2Cdvbe2G4hZsnhNMKyGrie,175173
0.446,0.239,-13.945,0.0316,0.551,4.1e-06,0.0697,0.298,189.507,18AXbzPzBS8Y3AkgSxzJPb,336453
0.902,0.72,-2.776,0.347,0.26,0.0,0.0749,0.805,90.059,4RY96Asd9IefaL3X4LOLZ8,193467
0.487,0.9,-4.417,0.0482,6.79e-05,0.0,0.358,0.484,149.937,00Mb3DuaIH1kjrwOku9CGU,204000
0.822,0.969,-11.471,0.0582,0.259,0.000153,0.39,0.765,128.007,2yAVzRiEQooPEJ9SYx11L3,283748
0.622,0.807,-6.752,0.408,0.103,0.0,0.306,0.892,174.06,6x4tKaOzfNJpEJHySoiJcs,220293
0.543,0.485,-6.85,0.0305,0.558,0.0,0.12,0.371,136.961,0qcr5FMsEO85NAQjrlDRKo,223840
0.706,0.8,-6.333,0.0399,0.00584,0.0,0.0822,0.629,100.011,3U5JVgI2x4rDyHGObzJfNf,259333
0.956,0.745,-4.753,0.12,0.206,0.0,0.0615,0.912,107.075,04KTF78FFg8sOHC1BADqbY,228240
0.653,0.964,-4.261,0.0582,0.00316,0.00512,0.144,0.87,126.928,5z6xHjCZr7a7AIcy8sPBKy,209267
0.661,0.908,-4.897,0.039,0.052,0.0,0.0708,0.656,144.091,6OnfBiiSc9RGKiBKKtZXgQ,296080
0.675,0.479,-9.87,0.0278,0.633,1.76e-05,0.088,0.454,81.998,0vg4WnUWvze6pBOJDTq99k,209493
0.544,0.897,-6.056,0.0471,0.241,0.0,0.13,0.647,157.17,34x6hEJgGAOQvmlMql5Ige,215133
0.693,0.549,-8.141,0.119,0.0109,0.0,0.0677,0.605,80.028,1tkMs9wDPknQ3ZHcKDw1ES,227960
0.715,0.833,-5.379,0.108,0.00631,0.0,0.164,0.612,95.487,3jDdpx9PMlfMBS5tOBHFm9,213093
0.812,0.879,-10.998,0.0397,0.0167,0.224,0.366,0.962,129.991,5ZrDlcxIDZyjOzHdYW1ydr,197960
0.719,0.922,-6.091,0.0338,0.523,0.000163,0.0867,0.964,133.113,7rWgGyRK7RAqAAXy4bLft9,260893
0.625,0.85,-3.904,0.0495,0.346,0.000233,0.174,0.633,94.661,25FTMokYEbEWHEdss5JLZS,241667
0.736,0.74,-2.18,0.0786,0.515,0.0,0.0468,0.803,140.141,66TRwr5uJwPt15mfFkzhbi,221933
0.758,0.612,-11.403,0.0598,0.281,0.00288,0.0954,0.822,106.945,0B9x2BRHqj3Qer7biM3pU3,169840
0.724,0.498,-13.083,0.0423,0.0405,8.56e-05,0.0761,0.823,88.825,7j74lucZ59vqN67Ipe2ZcY,273173
0.668,0.73,-7.182,0.0366,0.225,0.0,0.188,0.894,92.049,2wSAWEYUHkt92X4SBAPqZE,252773
0.572,0.654,-7.027,0.0344,0.0058,3.21e-06,0.09,0.399,122.491,3cbV252akVZInSvJk7jAYX,237053
0.815,0.438,-14.522,0.0346,0.216,0.000466,0.0787,0.552,108.965,2HHtWyy5CgaQbC7XSoOb0e,243773
0.428,0.276,-11.729,0.0312,0.732,5.33e-06,0.117,0.0382,99.195,33LC84JgLvK2KuW43MfaNq,280000
0.621,0.901,-5.396,0.0302,0.17,0.0,0.0875,0.744,113.967,1Cwsd5xI8CajJz795oy4XF,300773
0.798,0.625,-9.689,0.0548,0.00547,7.98e-05,0.103,0.858,93.764,6kWJvPfC4DgUpRsXKNa9z9,211213
0.807,0.887,-3.726,0.0503,0.0573,2.87e-06,0.124,0.961,134.052,5jE48hhRu8E6zBDPRSkEq7,187920
0.521,0.625,-7.47,0.067,0.0301,0.0,0.121,0.136,101.019,0r2Bul2NuCViraT2zX1l5j,334067
0.383,0.662,-5.162,0.0333,0.165,0.0,0.248,0.138,121.154,225xvV8r1yKMHErSWivnow,298760
0.723,0.895,-3.707,0.102,0.088,0.0,0.0717,0.963,143.373,3SFXsFpeGmBTtQvKiwYMDA,188667
0.602,0.843,-4.831,0.0593,0.000688,5.27e-05,0.0682,0.526,128.003,190jyVPHYjAqEaOGmMzdyk,227987
0.774,0.75,-4.927,0.0412,0.00207,1.78e-05,0.0808,0.927,118.015,27L8sESb3KR79asDUBu8nW,197987
0.425,0.954,-3.756,0.0476,0.00414,0.0,0.0555,0.933,178.043,0Ph6L4l8dYUuXFmb71Ajnd,243160
0.836,0.509,-13.668,0.0548,0.467,4.1e-06,0.0436,0.949,138.714,5IMtdHjJ1OtkxbGe4zfUxQ,276493
0.744,0.766,-6.375,0.0265,0.0873,0.0,0.509,0.61,127.966,2H1047e0oMSj10dgp7p2VG,289133
0.652,0.812,-3.797,0.0409,0.00125,3.01e-05,0.667,0.72,126.023,3avYqdwHKEq8beXbeWCKqJ,230733
0.38,0.43,-12.564,0.0288,0.546,1.71e-05,0.188,0.547,82.204,1QbOvACeYanja5pbnJbAmk,197813
0.801,0.948,-4.623,0.0386,0.0117,0.457,0.025,0.968,138.489,5N6M8yDiMV32T6Rkzh8EbW,202583
0.555,0.698,-8.874,0.0287,0.403,0.0,0.0851,0.816,168.12,013AWvizllIUEC2FOBzOnh,277267
0.839,0.706,-6.104,0.199,0.208,0.0,0.242,0.839,96.673,4hrae8atte6cRlSC9a7VCO,245133
0.835,0.707,-5.074,0.0598,0.0219,2.19e-05,0.108,0.919,93.955,2mKouqwAIdQnMP43zxR89r,267093
0.64,0.864,-6.576,0.0314,0.00832,0.0,0.123,0.701,102.026,42et6fnHCw1HIPSrdPprMl,268360
0.647,0.729,-6.251,0.0236,0.0206,0.0489,0.134,0.687,94.01,7vFv0yFGMJW3qVXbAd9BK9,249627
0.851,0.849,-3.383,0.0828,0.497,2.05e-06,0.116,0.844,120.014,4XHQyvbrBsQaaBUW1VvmsL,298773
0.867,0.517,-13.222,0.0875,0.00456,0.000339,0.0864,0.866,133.148,1B75hgRqe7A4fwee3g3Wmu,257360
0.586,0.7,-9.558,0.0363,0.0589,0.00125,0.0318,0.897,147.245,1HOMkjp0nHMaTnfAkslCQj,295400
0.884,0.765,-3.865,0.0882,0.063,7.04e-06,0.118,0.594,99.987,41Fflg7qHiVOD6dEPvsCzO,224573
0.799,0.687,-5.682,0.0431,0.193,0.000188,0.0307,0.965,108.804,4d6eqRtpDX7tydHJGDZUBQ,215773
0.502,0.924,-6.299,0.0503,0.0127,0.0,0.162,0.922,149.186,1hlveB9M6ijHZRbzZ2teyh,219667
0.811,0.823,-5.921,0.0423,0.0553,4.52e-06,0.158,0.827,106.929,7L93GESzq43UkKUt5FsOCq,218547
0.402,0.914,-5.215,0.142,0.000579,0.0,0.065,0.626,196.505,4KacUpvbA3Mfo05gttTjhN,178267
0.599,0.931,-4.653,0.0735,0.0302,6.69e-05,0.392,0.536,140.123,549Go7a66CX6k523uK9kUv,270427
0.749,0.605,-9.359,0.086,0.00186,0.0381,0.115,0.966,142.024,6mz1fBdKATx6qP4oP1I65G,251733
0.683,0.772,-7.907,0.0311,0.0222,0.0149,0.203,0.737,123.871,2IHaGyfxNoFPLJnaEg4GTs,270373
0.529,0.932,-7.501,0.0488,0.00251,0.00109,0.136,0.571,138.158,71SvEDmsOwIWw1IozsZoMA,201693
0.736,0.811,-4.17,0.081,0.00132,0.000142,0.107,0.609,103.502,4BggEwLhGfrbrl7JBhC8EC,216733
0.706,0.751,-6.323,0.0708,0.173,0.0,0.168,0.195,91.031,5vlEg2fT4cFWAqU5QptIpQ,182307
0.504,0.911,-2.97,0.0738,0.00512,0.0123,0.355,0.671,106.244,70Z9t1qhytWtG4cCmmi7mU,179760
0.633,0.8,-6.945,0.166,0.209,0.000123,0.137,0.913,175.716,11mwFrKvLXCbcVGNxffGyP,217573
0.59,0.868,-5.832,0.048,0.0962,0.000322,0.442,0.798,184.348,1ot6jEe4w4hYnsOPjd3xKQ,230640
0.478,0.854,-5.454,0.0289,0.0204,1.21e-06,0.115,0.274,91.854,1A5V1sxyCLpKJezp75tUXn,274160
0.662,0.741,-5.406,0.0334,0.00165,0.0303,0.114,0.404,131.0,3xrn9i8zhNZsTtcoWgQEAd,188960
0.494,0.946,-2.757,0.0637,0.00129,0.0,0.398,0.741,103.408,33iv3wnGMrrDugd7GBso1z,169027
0.787,0.728,-7.705,0.218,0.0124,0.0,0.157,0.94,173.026,1SssFw74DdHVjRa6ADggdD,227067
0.7,0.864,-3.629,0.0283,0.0212,0.0,0.0956,0.887,102.997,5rX6C5QVvvZB7XckETNych,297587
0.653,0.677,-12.244,0.0396,0.249,0.0,0.403,0.888,114.37,1ynmMEK1fkyiZ6Z6F3ThEt,216533
0.546,0.895,-7.189,0.0579,0.0819,1.42e-05,0.0768,0.494,174.089,6W2VbtvMrDXm5vYeB7amkO,220707
0.722,0.758,-4.477,0.0471,0.0111,0.0,0.308,0.62,128.047,7LcfRTgAVTs5pQGEQgUEzN,201160
0.593,0.642,-7.284,0.0299,0.313,0.000582,0.0804,0.736,76.403,5TAf4lnZCZTLlZHNZMLFLi,239440
0.808,0.786,-6.897,0.0447,0.00928,0.0701,0.0574,0.899,96.987,0hrBpAOgrt8RXigk83LLNE,191240
0.747,0.663,-9.415,0.0545,0.62,5.24e-05,0.0861,0.606,124.336,2AVkArcfALVk2X8sfPRzya,216907
0.686,0.783,-4.977,0.119,0.0764,0.0,0.163,0.814,99.978,2i0AUcEnsDm3dsqLrFWUCq,200467
0.59,0.338,-13.101,0.03,0.292,0.0131,0.121,0.322,110.581,5BUq9bdtsm3LWw5laJeJ4R,185360
0.491,0.802,-7.106,0.0392,0.25,0.0,0.387,0.472,119.25,77NNZQSqzLNqh2A9JhLRkg,248907
0.746,0.79,-4.7,0.0257,0.0485,0.0261,0.0534,0.891,107.231,46RVKt5Edm1zl0rXhPJZxz,220867
0.633,0.976,-5.362,0.0519,0.00281,1.29e-05,0.382,0.493,142.027,5YJtMNWKe55yr49cyJgxva,197124
0.979,0.792,-2.784,0.0388,0.0025,7.71e-06,0.102,0.583,116.012,3XVozq1aeqsJwpXrEZrDJ9,254467
0.831,0.735,-6.254,0.0384,0.00397,0.0205,0.123,0.97,122.979,5EYdTPdJD74r9EVZBztqGG,260507
0.622,0.829,-5.548,0.029,0.11,0.0,0.0954,0.539,110.367,1uzWOoJdADfstQuFtQFTUn,257373
0.851,0.551,-5.177,0.0396,0.151,0.0,0.0827,0.807,131.922,66S14BkJDxgkYxLl5DCqOz,219467
0.699,0.76,-3.173,0.0677,0.00223,0.0,0.132,0.696,129.996,005lwxGU1tms6HGELIcUv9,179640
0.537,0.84,-4.626,0.0363,0.2,2.15e-06,0.0998,0.211,124.269,7mnGQesk1TzQLzQ9bYWZPR,224693
0.757,0.757,-7.598,0.0389,0.235,0.0,0.0474,0.967,124.956,4FUfoWMypAyWbOavmYyeNu,218867
0.718,0.691,-6.44,0.0387,0.0159,0.0,0.0627,0.552,100.008,6ihL9TjfRjadfEePzXXyVF,213107
0.881,0.874,-4.505,0.139,0.0175,1.14e-06,0.154,0.858,107.891,0weAUscowxeqDtpCgtbpgp,227933
0.271,0.165,-20.652,0.0351,0.729,1.6e-06,0.118,0.203,77.082,29U7stRjqHU6rMiS8BfaI9,139227
0.746,0.243,-15.134,0.123,0.829,1.02e-06,0.0905,0.425,118.578,6VTbbVjKOC2qWagIDbkJrC,215747
0.664,0.194,-15.487,0.0357,0.909,3.85e-05,0.0829,0.443,129.863,3898C4AbdbptwYet6547e5,321827
0.349,0.182,-13.507,0.031,0.92,0.0152,0.143,0.178,136.094,648TTtYB0bH0P8Hfy0FmkL,191973
0.462,0.15,-13.531,0.0522,0.984,0.000902,0.105,0.19,98.66,30QD4VRP9yEneOh0eGTrtJ,207600
0.262,0.356,-8.031,0.0303,0.613,0.0,0.175,0.426,174.176,2IdwQxhJn9ZE4zIotcCefR,187667
0.454,0.26,-13.193,0.0401,0.539,0.00078,0.0675,0.598,174.322,1YQWosTIljIvxAgHWTp7KP,324133
0.663,0.264,-14.571,0.0914,0.706,0.0,0.1,0.657,122.482,33jt3kYWjQzqn3xyYQ5ZEh,354533
0.558,0.123,-10.396,0.0525,0.809,0.00121,0.0916,0.341,70.16,3yYfoYGVpriV4fG9L1ogsD,206333
0.387,0.117,-17.803,0.0299,0.925,0.000171,0.109,0.166,93.575,66iKqUazBbTlAEjcZrpDkD,151867
0.464,0.305,-12.435,0.0316,0.936,0.0846,0.208,0.282,108.229,0E8q2Fx2XuzXCO2NSAppkR,255227
0.532,0.0657,-19.136,0.0406,0.94,0.00488,0.0946,0.292,128.607,0F845nujLVqCb0XMZCh5Pc,201440
0.639,0.269,-11.435,0.0698,0.982,0.12,0.141,0.539,124.866,1pZn8AX1WulW8IO338hE5D,207827
0.421,0.0162,-25.358,0.0388,0.808,0.0024,0.0978,0.154,110.479,0aWMVrwxPNYkKmFthzmpRi,337733
0.474,0.0676,-16.101,0.0363,0.963,0.00291,0.14,0.248,115.713,0uPkCpuoERqrkBL06Art50,295240
0.595,0.306,-14.404,0.0345,0.883,0.000386,0.0733,0.464,133.63,7ilc2TB1RZXbQJyFs5qCiC,142533
0.488,0.0527,-27.331,0.0478,0.971,0.911,0.0882,0.193,49.689,4ol2UyMTiklHVujAWg02nE,306227
0.443,0.104,-17.042,0.101,0.913,0.0,0.191,0.394,76.497,78MI7mu1LV1k4IA2HzKmHe,185160
0.172,0.0696,-21.295,0.0339,0.916,0.00199,0.137,0.103,167.974,2gNjmvuQiEd2z9SqyYi8HH,298133
0.355,0.0304,-20.479,0.0361,0.989,0.0555,0.116,0.188,90.495,4smkJW6uzoHxGReZqqwHS5,211533
0.438,0.00756,-26.44,0.0382,0.941,0.00643,0.109,0.277,133.32,4l9hml2UCnxoNI3yCdL1BW,141133
0.532,0.151,-17.266,0.0376,0.706,0.00136,0.116,0.211,136.759,4vLYewWIvqHfKtJDk8c8tq,562640
0.588,0.0387,-17.944,0.06,0.978,0.823,0.116,0.342,83.4,6oSm3mBWFxJHEnjE2IqhmA,205667
0.572,0.152,-15.658,0.0408,0.961,0.000432,0.136,0.339,127.497,4SrJyRdyHYxxkcVMQ3QkGE,254667
0.427,0.114,-22.546,0.0509,0.843,0.863,0.0966,0.114,60.484,1J9iVCaEriyoMXpj2XszhU,282320
0.504,0.0644,-14.754,0.0408,0.972,4.36e-06,0.174,0.403,106.994,1LGqJ3nvxpVXDWpEzq4DJD,181440
0.723,0.0811,-14.113,0.0631,0.779,0.0,0.509,0.36,88.044,5y8zb3grlQonjdqd27K39T,181493
0.716,0.133,-15.846,0.0421,0.879,0.0,0.0966,0.551,62.14,7Kc3hZoCRTs5dNHU7GqT9x,140520
0.558,0.231,-11.436,0.0812,0.805,0.0,0.142,0.403,73.103,0Rk9byjmZksAJX15onGns5,167493
0.515,0.583,-8.182,0.0284,0.749,0.000294,0.123,0.414,116.11,0sCeNwt8xRCMR4NhKpMyBe,333947
0.501,0.0454,-18.783,0.0388,0.938,3.76e-05,0.2,0.255,99.783,4m6OC8u2rC6LMFtFWsME7d,166760
0.67,0.365,-10.158,0.0564,0.525,0.0,0.0575,0.45,119.344,2dR5WkrpwylTuT3jRWNufa,147147
0.591,0.0252,-15.214,0.0465,0.988,1.23e-05,0.0995,0.347,69.382,3lO4Z6BSp773vcovgYurHg,194573
0.761,0.103,-16.964,0.0416,0.944,0.0,0.127,0.53,114.044,373yGkNo74RZgmQgTiR8xK,160133
0.372,0.187,-13.497,0.0323,0.942,0.139,0.161,0.217,70.334,4rmCI9VWrwrJTJ8XQ80BMN,319733
0.488,0.124,-13.038,0.0404,0.963,0.333,0.246,0.205,66.105,016HKF7A4O7tatoJ9BgZM1,255960
0.395,0.121,-23.427,0.0327,0.935,0.397,0.697,0.139,114.521,6yKkA8HzwWTZ5taIMaG4Nm,297320
0.478,0.0294,-25.319,0.0453,0.993,0.948,0.105,0.148,124.308,1cpANF6zMBoFoxkoIjZHjv,324200
0.425,0.0429,-24.86,0.0408,0.951,0.0184,0.148,0.255,96.097,1xaTXPoDk4VOU9XhYX4KJM,419627
0.425,0.0469,-18.612,0.0354,0.955,0.0,0.137,0.154,135.335,0f2489MzoisF9pKduawvce,356627
0.442,0.033,-23.063,0.041,0.922,0.000171,0.151,0.21,103.34,4gFlHAye7To29Fs4UszQUH,179640
0.561,0.346,-12.596,0.0409,0.873,0.399,0.104,0.697,93.689,6CDQBADsdzJwc3qZ3OPDHH,290293
0.652,0.356,-13.733,0.0419,0.546,0.000103,0.132,0.56,148.822,2kF9Ijd7I2Kk2P4bYqUmzG,242347
0.492,0.0671,-15.671,0.0399,0.958,0.000968,0.109,0.165,124.908,1xlyVmdCo5lMRIzuMlAUF7,147413
0.572,0.398,-10.751,0.0376,0.841,4.59e-06,0.128,0.76,86.135,2XzHou7MZzOBQBqjWw86Nt,244867
0.339,0.342,-7.596,0.0313,0.962,0.319,0.162,0.393,132.599,6cU4urQRUieTBH08yKHAqj,167121
0.45,0.154,-14.485,0.0373,0.938,4.37e-06,0.16,0.243,110.666,5gPetRvxQKyOjjwZX1dzbt,195667
0.421,0.08,-21.795,0.04,0.903,0.859,0.135,0.0546,122.044,3f9KhpRN6mMYoVnpuozgHD,257693
0.626,0.152,-14.182,0.0405,0.934,6.05e-05,0.12,0.545,82.174,3pfbQmD5xGH9Tcc7GqGfSL,184467
0.417,0.0644,-19.687,0.0359,0.971,0.000134,0.126,0.138,113.713,6Kr25pa3pTd4no3yA0EcW1,191960
0.71,0.318,-8.948,0.0432,0.867,0.00038,0.169,0.58,126.05,7GBPpRMtLyGA6svXQMNfIN,194240
0.539,0.0678,-18.039,0.0468,0.967,0.168,0.114,0.263,124.105,4zPDjRgceGrR0Sm54YDTTf,294667
0.224,0.214,-14.455,0.0348,0.976,0.00094,0.367,0.14,83.906,7gHFBNy0Qn86xGKJ9OdFTw,179373
0.564,0.0822,-17.658,0.0453,0.962,0.583,0.11,0.483,127.422,6LPqphk2rbt2i63bR2o247,169507
0.535,0.258,-9.499,0.033,0.768,8.95e-05,0.115,0.281,110.953,0X5DcGkbxCXSadgj01ZXd7,659520
0.542,0.32,-9.975,0.0387,0.907,0.649,0.0609,0.206,116.648,1wl5b2lw3YagQtZiYZbQWP,193840
0.742,0.671,-8.142,0.0407,0.794,0.00441,0.122,0.591,127.359,1CDBaGlisZlOJzvx88lL8A,438280
0.203,0.0895,-19.755,0.0404,0.971,0.0213,0.108,0.115,173.451,2WMyu5IYgxEuCd6xgFgJrl,173533
0.463,0.654,-9.72,0.0659,0.824,0.917,0.372,0.592,175.204,54h1RKrrFJDsNOfhwmqu9o,209573
0.685,0.472,-9.691,0.0298,0.785,0.284,0.224,0.475,80.487,6MN6yRVriszuyAVlyF8ndB,205720
0.612,0.526,-8.558,0.0272,0.727,0.0331,0.183,0.594,129.341,38xcUjiTP1ivfb7ObwjyGA,429267
0.47,0.144,-12.824,0.0365,0.912,0.000118,0.0965,0.243,84.787,4zxd4tiXPlWMqoJltbVTbE,284560
0.551,0.119,-15.468,0.0435,0.924,0.00264,0.119,0.243,70.129,5FYgwqjjq9kPCMj8yArfTr,358200
0.483,0.364,-10.78,0.0265,0.564,0.299,0.0542,0.349,98.445,5FBf12F4ry9TXoZAvISu6F,349907
0.673,0.377,-14.141,0.0697,0.586,0.0,0.332,0.713,88.973,0RNxWy0PC3AyH4ThH3aGK6,201467
0.355,0.152,-14.864,0.0401,0.924,0.0771,0.126,0.145,65.215,6x8XKDM8Rnid4TyOUg9kj3,320773
0.525,0.222,-11.065,0.0373,0.836,0.0799,0.051,0.645,156.364,1xUJ1mdLAysxNBtO9w3J2g,195533
0.494,0.182,-11.116,0.0443,0.79,0.00036,0.129,0.21,112.689,5vb7At47uO0yPGfmYnAHuw,355333
0.544,0.425,-10.231,0.0346,0.719,0.0186,0.964,0.348,84.443,6NF8MZ2trxckVBr82pyyPt,313200
0.621,0.197,-14.483,0.0573,0.99,0.878,0.152,0.569,120.194,5PocwBP4qm33W4eQSZyVBZ,214000
0.522,0.379,-14.096,0.0286,0.635,0.925,0.114,0.454,133.698,7yzM0pEseQUpb6BMViOPEA,251600
0.336,0.0619,-20.494,0.0363,0.985,0.891,0.11,0.197,60.705,3GOZbK2epuHzCt5YvvVFHO,190400
0.593,0.103,-14.961,0.081,0.986,0.6,0.12,0.443,66.283,7AHF3V7qRPhZV7gzJLZ3CL,190933
0.417,0.42,-13.046,0.06,0.186,0.00111,0.185,0.517,147.143,1ZXu0ib26kWfQQngREMcU2,287844
0.418,0.295,-14.667,0.0303,0.913,0.896,0.248,0.132,109.621,4DVu7YgHVJaeN0C7HNpy2q,498147
0.553,0.546,-7.459,0.0341,0.439,0.000557,0.167,0.7,118.214,1xicvSO4CJ2ymqYgpk7DFh,342067
0.438,0.106,-14.939,0.0353,0.947,0.000103,0.147,0.0508,118.785,5m3XMzewNg9EADweC7j7Nn,291173
0.356,0.0937,-16.64,0.0353,0.957,0.096,0.209,0.278,86.669,3PJMsxg6rz9FOo6xNiASXz,342373
0.612,0.493,-8.589,0.0467,0.804,0.266,0.202,0.484,126.358,4Vkk3iD1VrENHJEACNddvt,570720
0.575,0.187,-13.081,0.0512,0.927,0.877,0.166,0.342,107.469,1sce5VJvCOYYDAR9rp9KdG,525613
0.277,0.242,-18.442,0.0342,0.694,0.464,0.113,0.285,175.384,2JOEPbuwVf0nafGnMSVEhH,824133
0.803,0.335,-13.331,0.0451,0.579,0.0128,0.0849,0.786,132.682,18A1V1vsy5YgHFqb4galTw,330440
0.476,0.0794,-19.166,0.0365,0.955,0.872,0.112,0.118,103.181,1wnbi9NzQPBCobZ6OYCpqH,162680
0.564,0.097,-16.442,0.038,0.958,0.0588,0.119,0.393,132.653,6PKCEB5JzjCizpz9hUQcpX,346920
0.27,0.688,-16.305,0.0547,0.973,0.884,0.669,0.219,75.845,4FMI4Ln1LhyxGldkNXan5e,416840
0.184,0.543,-13.583,0.0391,0.016,0.0,0.105,0.211,98.4,2gG3ivmsfylVXLyIJvLXyN,396067
0.599,0.444,-8.648,0.044,0.82,0.000474,0.122,0.508,142.81,10kVwPSRjUYja0EtdqmXHe,369387
0.578,0.351,-12.432,0.101,0.813,0.0,0.123,0.476,122.712,5z161QQZMgQxSILnv3QoJk,240867
0.671,0.352,-11.511,0.0556,0.532,0.000141,0.11,0.396,120.235,38R2EViAkYOFG8ZkG3GLtW,342891
0.635,0.0278,-21.504,0.0406,0.537,0.872,0.213,0.12,103.016,4JWfPMjVEh4SusNs8V3gt5,243333
0.462,0.0536,-17.55,0.0321,0.96,0.000219,0.121,0.138,63.118,7981FAW8DbDs1ueK4Ha8R2,332120
0.478,0.231,-18.064,0.0302,0.869,0.919,0.101,0.136,74.937,0kUYnVS6z9YhL22l9pDDcB,309200
0.659,0.113,-16.756,0.0569,0.976,0.88,0.179,0.738,95.063,2xm9ihELo6xwrRKrBbPql9,182360
0.531,0.366,-11.697,0.0496,0.911,0.88,0.0916,0.785,81.867,6qqK0oeBRapZn8f9hJJENw,482440
0.543,0.133,-16.846,0.1,0.805,0.00135,0.125,0.464,171.493,0GUUhTWMylAx5pHDI42t1V,188960
0.358,0.452,-13.02,0.0347,0.991,0.864,0.14,0.525,166.973,0Otf1ZfYNIjhqFIuJk0fsy,193867
0.608,0.387,-20.157,0.0411,0.86,0.662,0.187,0.809,91.489,5PXIzyJURVKyO1cwVDuGEK,149080
0.618,0.0772,-21.306,0.0514,0.975,0.919,0.107,0.36,104.691,1CRxANVlNyN2IYjarx96gU,273800
0.634,0.327,-9.703,0.0551,0.709,0.0131,0.158,0.498,80.825,4vWMrM0AwlhRlkAdQtC2zn,209400
0.615,0.145,-14.283,0.0422,0.748,0.0,0.0292,0.505,102.633,4R6rf3KbP45JST6Cr3Enry,130253
0.465,0.35,-12.977,0.0403,0.41,0.279,0.135,0.62,93.336,6YYu8qFzcY1ZyzzsJIQM12,688133
0.546,0.305,-10.934,0.0494,0.789,0.352,0.125,0.664,164.902,0sQ9ee2jJNTQgjy55Pse5H,198800
0.517,0.273,-17.279,0.0627,0.866,0.774,0.979,0.321,63.423,1GZD0TZJHmdQaZsucHBmWT,354573
0.588,0.4,-11.914,0.036,0.851,0.352,0.11,0.468,113.615,7CrNF9zL7tIQ2269DVxzST,403640
0.505,0.159,-11.235,0.0336,0.946,0.0127,0.212,0.196,59.385,7ysmJhXFQtiBQlk6EZ6sks,295200
0.373,0.302,-20.358,0.0376,0.818,0.835,0.171,0.35,86.925,0Dt1B5dNfajRczQKZA87aL,435267
0.223,0.105,-18.898,0.0364,0.744,0.0,0.0889,0.178,170.469,13Nh6UPBy8WgoTc5l7iGR8,161173
0.497,0.086,-13.579,0.0443,0.974,0.00106,0.124,0.171,129.332,6cRsRBzSaGwfnMMqNSjtFY,228360
0.319,0.157,-19.728,0.0368,0.987,0.849,0.138,0.266,191.259,4rrLFMxzVVwAJjmvHLPL8y,321027
0.34,0.0837,-12.072,0.042,0.985,0.761,0.0945,0.119,138.689,0IffIW3eyCx9aZ36IqOu5o,414240
0.419,0.0284,-24.09,0.0357,0.987,0.586,0.105,0.121,71.502,3Gcpi1CwKoQtc8B3H2ZOIX,216360
0.45,0.0288,-17.388,0.0467,0.994,0.895,0.118,0.358,130.838,5eFFsShr8vchESCk8HGxvn,274333
0.616,0.434,-7.257,0.031,0.581,0.0,0.131,0.404,108.467,4f0D7T8yswXUJ62AKLoMtS,505453
0.398,0.527,-16.591,0.0297,0.713,0.934,0.119,0.353,118.504,6eimz6jvlZaPwtflDWCTa0,301867
0.457,0.548,-12.486,0.0551,0.111,0.00016,0.103,0.76,88.8,16nJl8NnriCJxraco5Zssm,440840
0.464,0.0059,-22.41,0.0608,0.945,0.904,0.139,0.297,95.178,3jaUMGTyi4XHBZpXpIWzo2,254027
0.583,0.376,-10.914,0.0433,0.725,0.251,0.0642,0.614,120.713,3Y0LpU5kqQ3vSZvwcGjl1M,217373
0.53,0.454,-11.19,0.028,0.768,0.116,0.113,0.492,135.947,2JITVZu8o6ls9k8SoMRy7w,449773
0.605,0.376,-14.978,0.0322,0.253,0.207,0.117,0.948,131.927,5z7deaTe21B7QVPhSDouL1,370867
0.567,0.124,-16.446,0.0562,0.792,0.0,0.106,0.343,79.37,0BFCbH1cxzeUSJBVwJGRLg,162867
0.389,0.145,-22.965,0.0301,0.92,0.876,0.656,0.15,99.541,3NmLBig4t7RZWbLT3U2eBb,360307
0.781,0.106,-17.396,0.0584,0.947,0.0835,0.12,0.313,113.528,4z1E9GltZHciLum0ybby9h,407800
0.497,0.153,-12.65,0.0407,0.978,0.809,0.138,0.276,100.222,3kYrQXSao9IXp3EzMZQt5J,405227
0.623,0.403,-11.121,0.0426,0.451,1.13e-05,0.448,0.631,93.911,34xixFi5y3I5FIOH1ZWisx,396960
0.467,0.459,-9.706,0.0305,0.719,0.00312,0.0944,0.178,124.379,0T1EaGm6b9eM7xBf4F1hlc,477093
0.147,0.215,-14.594,0.0346,0.965,0.000928,0.184,0.102,171.46,7KsJkshpIjjeIwyKnkhQUc,266800
0.704,0.277,-11.675,0.035,0.814,0.756,0.0845,0.322,90.38,6oWhUfePc5h9r5pfw7wvPN,597280
0.539,0.403,-9.168,0.0531,0.794,0.000613,0.278,0.699,165.301,2BhU0Hl5OatWiCW93pE2b8,342333
0.479,0.318,-13.836,0.0395,0.278,0.0959,0.107,0.575,94.036,6KBsivP3Of4z2x6uNMAyE3,331800
0.26,0.203,-12.231,0.0353,0.99,0.944,0.134,0.064,173.503,0Xfq6BeOHdzf16gk9y8a1P,343280
0.517,0.0917,-18.395,0.0336,0.876,0.629,0.108,0.0836,95.068,72PqmnVj86bfTnkFiQ9Mx9,267173
0.376,0.278,-8.597,0.0416,0.912,0.886,0.0728,0.199,62.055,6KawDsALZTY6FA8CE1NLZK,429040
0.58,0.48,-7.682,0.0339,0.837,0.00432,0.171,0.48,108.892,7CnOzCWGrTINcDExG6u99y,563613
0.654,0.334,-12.662,0.0521,0.702,0.714,0.114,0.697,81.544,2oMaXY0yiWhAEWD7SutXh2,410667
0.589,0.386,-8.013,0.0441,0.75,0.0,0.15,0.518,142.371,47xU4Sm1RWZgRgugWPFxzz,127800
0.576,0.335,-12.706,0.0438,0.748,0.0714,0.131,0.455,77.415,2gt0kkTEph69p2ZWn177Tt,309360
0.524,0.222,-8.967,0.0346,0.907,0.00124,0.0544,0.325,120.71,58ylMBq2yqYdHyevarkNWa,322000
0.203,0.306,-12.366,0.0344,0.952,0.000307,0.281,0.0625,76.905,6RqomqKVORIwNJCKNxvc3F,181493
0.203,0.0186,-24.277,0.0408,0.985,0.377,0.0728,0.0481,76.591,5F8rPLt2c52p0SK7kiH26b,415000
0.224,0.122,-16.766,0.036,0.985,0.0206,0.111,0.0952,82.277,6YRVj7ZJyFrr6tso0QV15e,235760
0.473,0.67,-7.756,0.0353,0.446,3.15e-06,0.0957,0.808,152.484,1dZHIbmuBDAwXfQOM4dyM3,625293
0.589,0.184,-12.282,0.049,0.631,0.0,0.0819,0.343,98.365,2bOUrmH6OljKtXOLjvVEU8,139200
0.423,0.0418,-17.75,0.0323,0.953,0.0,0.125,0.137,105.901,3341eBppSCetzo507uJU06,178067
0.636,0.181,-17.511,0.0456,0.864,0.00251,0.0706,0.697,84.203,16KZuJfRKqMZQvmOibsVqX,282867
0.456,0.222,-16.879,0.0354,0.938,0.806,0.24,0.15,112.725,4qRJ7ZJyfzchEd2fjle7Bz,392000
0.371,0.0823,-20.45,0.0352,0.963,0.49,0.0838,0.0789,106.146,08lUeu1CxXvAoaKkemoEk8,431267
0.493,0.0421,-18.071,0.0347,0.913,0.173,0.0777,0.172,102.074,7DUGRxCf9NFJffb5Eei8Ar,447560
0.493,0.295,-15.536,0.0489,0.537,0.241,0.241,0.486,99.579,1M0bEJicvT2qmdJej9wjyk,417320
0.484,0.635,-7.109,0.043,0.558,0.0,0.366,0.673,99.308,2CBfYM9el9Sh15s9NCeYFP,433107
0.483,0.186,-21.828,0.042,0.943,0.877,0.115,0.51,150.705,0cNc2tivyPqzgp13BSM7St,321952
0.416,0.201,-11.461,0.0379,0.975,0.803,0.107,0.372,165.869,6MXrGG7nff0FXBQJa5UF9P,339333
0.438,0.0172,-23.66,0.0384,0.973,0.557,0.0815,0.136,100.989,1WygPWqmNs4s2fxtjmtI3O,354667
0.492,0.205,-8.488,0.0577,0.983,0.893,0.122,0.109,128.315,6TAW00MAPvS59yEoIgtOEI,310055
0.388,0.461,-11.718,0.0924,0.705,0.0,0.186,0.674,72.884,43hj7RjOE5vXtgnqPidEv4,164840
0.492,0.583,-9.927,0.19,0.673,2.38e-06,0.201,0.798,73.64,2cOSF20k8VkEoXllO0PsbG,178533
0.386,0.075,-14.124,0.0348,0.985,0.904,0.0869,0.23,96.76,2FnTwpi1PdHLjgHv4XQEFn,372787
0.54,0.327,-8.933,0.0363,0.868,0.356,0.121,0.356,96.224,5PfcpDnzz8VdUoziFWnhrU,473387
0.476,0.273,-17.457,0.0334,0.89,0.9,0.0978,0.164,117.779,1tbzRQCZUoKYMCxzK0Jx5p,392027
0.646,0.12,-13.447,0.0336,0.867,0.0,0.261,0.442,96.284,1f1ybry2mOfAgP3qBFMiKc,185667
0.5,0.208,-14.235,0.0743,0.769,0.496,0.372,0.461,180.852,4F0sSQCicLl5tme407ubvS,282667
0.529,0.0582,-19.131,0.0617,0.883,0.125,0.116,0.357,93.486,6tL1ZlPRSihc6gyWhVfA8X,271893
0.412,0.195,-10.288,0.0331,0.9,0.709,0.106,0.0778,133.918,1czzmAtPTw287TyMQEfCfg,372493
0.651,0.143,-22.617,0.0531,0.752,0.421,0.138,0.601,78.792,6OH7UCFY7SEJxxQkaYfAv8,519600
0.59,0.485,-5.262,0.197,0.81,0.0,0.281,0.695,148.851,0KDn1UsD2ym34dCT4P9ebj,147667
0.571,0.349,-10.584,0.042,0.525,0.00273,0.14,0.62,118.673,7lApnj6eswDJvT8mqGrut6,291840
0.573,0.247,-19.282,0.0627,0.713,5.64e-05,0.103,0.604,138.234,3iFlfQ0CXc9URaAvai8VUe,400447
0.604,0.498,-9.905,0.0778,0.695,0.000786,0.528,0.733,96.097,0DUyHDBRaxFiXDf6Jhh4JD,207480
0.529,0.0367,-21.63,0.0515,0.99,0.31,0.127,0.214,140.296,10El9hxviSBm7pChWxG1ib,330693
0.527,0.143,-22.39,0.0365,0.857,0.00219,0.18,0.43,101.037,1L7l5qJeQpqWDigBjxUcQw,150467
0.509,0.224,-11.123,0.0327,0.736,0.301,0.327,0.17,112.355,3QuSHJUfvuOyeKMS32Wckj,403360
0.418,0.227,-15.537,0.0379,0.912,0.822,0.0956,0.21,103.586,4N6JkrGD78eLooaTDmwo9s,395560
0.581,0.163,-16.612,0.0547,0.926,0.861,0.116,0.448,88.101,3hY3MPL9hAITPgVfiVlL5K,347773
0.555,0.0356,-20.862,0.0425,0.941,0.137,0.0816,0.194,111.337,0sRAziWSeUedBSKjapsy9F,297876
0.624,0.383,-10.561,0.0633,0.627,5.44e-06,0.0963,0.674,117.526,3bYBPyLGsa1unDrVaNzN4y,331267
0.664,0.422,-11.738,0.0552,0.388,0.000107,0.0626,0.533,89.263,71KwWlZvuikRRORNH3xvCq,327773
0.393,0.0331,-17.548,0.0417,0.973,0.000965,0.11,0.159,85.773,7yCEzOAfijmD88IA1DHgSo,180200
0.516,0.101,-12.753,0.0513,0.966,3.89e-05,0.0906,0.31,137.832,2TPRvPvUotVn4tGHAWWcog,245000
0.46,0.633,-7.153,0.0404,0.613,0.0,0.274,0.515,106.331,0qxiaagtTvTeNvzxHHc441,503787
0.438,0.129,-15.984,0.0346,0.957,0.0459,0.0884,0.127,84.845,4dUVpbIu8FW7R76gejw3cq,284680
0.394,0.441,-14.237,0.0371,0.692,0.0375,0.105,0.629,90.058,3AJSnSiVDz37q85LP2Rop0,378960
0.64,0.122,-22.617,0.0719,0.995,0.883,0.18,0.742,144.338,4HL2XUimEYLv0KDxD3Xpqz,295067
0.422,0.148,-15.38,0.0429,0.985,0.964,0.116,0.0857,125.334,7Codqj9B5oMniYPUhfv26I,202773
0.583,0.461,-9.58,0.0482,0.668,0.17,0.162,0.516,131.878,7Kwi4xmgY4qQwOhBe0zsbh,545347
0.279,0.129,-14.595,0.0326,0.939,0.000229,0.204,0.0796,59.991,3Sqv7KrLRowdwRwgpT4FAh,153707
0.552,0.509,-9.828,0.0428,0.605,0.509,0.0827,0.74,112.049,05LNBtMuc26HSAHh7C6iG8,407600
0.499,0.0808,-17.369,0.0427,0.989,0.799,0.0723,0.216,95.37,1ebZEQLe2lfwyMnuhnIDjx,413307
0.477,0.237,-17.115,0.0321,0.947,0.901,0.0974,0.178,126.222,2qswPLZD9CbUoSidGNyxwm,280481
0.701,0.393,-9.868,0.155,0.919,0.384,0.0964,0.791,75.908,1xXydFs62EqOXFMPizVhn4,196640
0.701,0.0908,-20.601,0.0528,0.841,0.511,0.0883,0.0858,81.155,2X5idL5vlUv99KEZVc1d4i,250853
0.357,0.144,-11.261,0.0313,0.957,0.288,0.235,0.138,77.983,1JXxyiihPJrMLotLklU0Cb,374627
0.749,0.152,-16.745,0.0493,0.655,0.000254,0.086,0.292,101.779,5doczA8CcUYo0J9H7uvHgU,232307
0.5,0.251,-12.981,0.0474,0.885,0.00165,0.248,0.697,174.935,1ewQUavRnFAEwPqqwKQ0nF,186067
0.552,0.171,-13.66,0.0544,0.955,0.877,0.122,0.152,102.408,7pKWTcPfT9mg2iAhobFHpS,244467
0.478,0.517,-11.592,0.0447,0.21,0.0006,0.523,0.488,122.97,5PGnB8aUHVm6tvYRHy4i30,267133
0.437,0.0857,-18.129,0.0384,0.84,0.641,0.0898,0.206,73.161,5uNtaTmigAubx5fLfO92AW,259413
0.456,0.205,-19.74,0.0452,0.952,0.889,0.101,0.31,111.5,6linlPbVWEecMEMfNcul1e,377707
0.488,0.282,-12.39,0.0525,0.857,1.87e-05,0.125,0.468,132.847,4WyWVpoXP9z0SczdZdfVI2,181010
0.53,0.143,-17.471,0.0423,0.958,0.497,0.278,0.119,125.464,6HvyFdP5JrCQdmxq2qi7MC,442227
0.607,0.311,-16.927,0.0354,0.535,0.881,0.0937,0.312,135.712,3TSdkwPeUfvgLwNTF8gfC0,370385
0.587,0.673,-7.858,0.0509,0.744,0.00618,0.0721,0.788,123.407,5f0n6K8hW2RIVXuZjxO0bu,385867
0.611,0.291,-18.392,0.0647,0.765,0.000133,0.0571,0.534,83.443,2EW1mFJaikQh0vxOoB7uGp,283740
0.392,0.168,-22.249,0.0442,0.637,0.358,0.198,0.292,123.419,5Vmt3ascqbh0QJCV1een0Q,277800
0.653,0.368,-11.567,0.0439,0.875,0.00305,0.0972,0.249,117.161,4w7EnqiLksvE6rcuR8F8bn,524093
0.438,0.182,-15.209,0.0338,0.983,0.841,0.119,0.0639,65.535,7hDq6sOZ5Rl1XnSSfoOBRK,284187
0.628,0.629,-10.234,0.0398,0.709,0.0583,0.0791,0.801,127.812,0gutl81vbXX1JGp5M0OoiE,193467
0.665,0.359,-8.887,0.0326,0.801,0.106,0.145,0.4,111.639,3Ysj0cl3Jlb6Ysp6um8QI7,368747
0.528,0.583,-8.776,0.0643,0.592,0.0,0.305,0.671,96.284,5KQ6uddno2Hht84gJDHsPF,495373
0.444,0.339,-16.936,0.0418,0.66,0.103,0.163,0.656,142.112,2C3rh8eX5vltOmwrz9I78n,456360
0.585,0.375,-12.171,0.0504,0.78,0.00365,0.0806,0.665,72.59,5wcAcShxT5qvLJvuM6jkZt,367400
0.571,0.293,-11.914,0.0385,0.828,0.179,0.112,0.23,82.745,57B6gMEI1E4E3kKLKvfX3U,480000
0.579,0.566,-8.733,0.0531,0.754,0.538,0.0987,0.83,125.031,3k7MPapSDy9kSWuhvXxP3c,281987
0.503,0.34,-9.034,0.0374,0.694,0.0,0.102,0.651,142.83,7hvZ6vMAnO0cDkkKKJok4Y,412653
0.485,0.0735,-20.188,0.0709,0.784,0.855,0.0951,0.332,75.939,6W25U2EbDixQbLbqpjz0TT,471173
0.503,0.344,-19.024,0.0369,0.673,0.381,0.096,0.468,108.489,0m8tSPLHhjhGToD6LW0RPp,191933
0.412,0.434,-13.3,0.0483,0.509,0.00735,0.24,0.505,94.84,12cMYRYTV2RTz4YTlOpgSu,339067
0.308,0.114,-20.291,0.0399,0.912,0.919,0.169,0.163,79.261,1cfMdMmJqBlLn4auevv0iB,439120
0.564,0.305,-14.224,0.063,0.794,0.0983,0.152,0.571,115.739,5eMz1VtT2zNtsyh1bDgDhb,266707
0.468,0.391,-13.196,0.0269,0.658,0.0617,0.111,0.342,142.413,1ChYuSIoOFDVY6fHSXF6zS,550493
0.484,0.488,-9.127,0.048,0.867,0.141,0.147,0.426,149.977,0d6m2xfXqMyEKOeRvfL7Ot,173733
0.521,0.0995,-17.071,0.0372,0.987,0.944,0.109,0.227,63.155,13hLjPatKentvawsFceF9a,338733
0.431,0.511,-8.052,0.0554,0.75,6.22e-05,0.332,0.664,174.922,7f4svguucdFTOv6gOjOvhO,733067
0.35,0.323,-19.458,0.0345,0.854,0.88,0.235,0.6,173.122,7z4EbJbnbvWcP9Bg15fpgC,321157
0.286,0.0553,-20.216,0.034,0.982,0.592,0.0989,0.182,52.789,2n0nSu6H5KrAYRfI6iKtwT,332133
0.417,0.11,-16.504,0.0405,0.951,0.721,0.174,0.22,57.312,11vaRXRIFXJTRr3BuzNbk5,313440
0.463,0.263,-18.136,0.0288,0.878,0.264,0.0958,0.123,112.799,76XN6m7RzGYwnzngUGD6Tt,357423
0.559,0.288,-19.037,0.0381,0.885,0.926,0.642,0.474,87.998,49H4LDNFE5BU7ZMIg8UsZy,420227
0.559,0.481,-18.153,0.0433,0.673,0.86,0.215,0.494,99.797,0FKnknau5UBXgN2Q6vVHgC,232378
0.443,0.0711,-20.146,0.0486,0.989,0.894,0.101,0.596,175.02,0ADAFZE0bYIuaIyPNFl3LE,172293
0.439,0.082,-17.066,0.0407,0.972,0.893,0.0913,0.492,124.69,08rTZ8jNknn8VBS3v2o8pT,195160
0.438,0.594,-10.111,0.0583,0.78,0.177,0.0751,0.589,75.926,3rXJbXaRGLK1A6vPmRafRR,388147
0.615,0.204,-16.075,0.0439,0.872,0.382,0.071,0.496,96.47,3X3p3u03P8eFL8WTH0oaaU,344067
0.484,0.47,-13.111,0.0679,0.58,0.0751,0.343,0.188,107.794,2wHIDNvfYyZWPpMqX3fDE4,349027
0.546,0.322,-19.111,0.037,0.662,0.0299,0.76,0.488,96.07,1xKMxT6PFOr4RJWhoisP0t,407587
0.487,0.535,-8.47,0.0305,0.73,0.00414,0.0903,0.591,144.548,1duGF26RKaTntfsJ0cTkzj,379000
0.47,0.684,-7.873,0.0377,0.714,1.92e-05,0.0797,0.483,128.506,2PGjqrXgOBqP8G4R6EKmpR,399467
0.406,0.746,-7.838,0.0524,0.403,0.0816,0.305,0.59,93.056,4ZAcQgIlpV5z7k7evEF0MJ,441427
0.405,0.0277,-21.897,0.033,0.97,0.534,0.114,0.279,51.059,7yRMYF0BqrqPjinbG9Ja3Z,222360
0.649,0.271,-15.198,0.0498,0.708,4.54e-06,0.124,0.626,126.026,4jCoxXaEKeTWkQ7HL1d5de,441027
0.364,0.679,-9.923,0.0642,0.497,6.43e-06,0.217,0.45,79.9,05aZ2boQ1yuAD4p4HyORbK,718960
0.645,0.309,-16.798,0.0416,0.686,5.62e-06,0.243,0.824,104.792,4Ee5140BdE8S0wHlWjq0DO,235733
0.485,0.34,-10.058,0.0294,0.121,5.05e-06,0.0895,0.17,90.857,5Pp7GAMJHAW31meFVjNg58,180707
0.598,0.339,-8.876,0.0358,0.606,0.103,0.098,0.29,63.995,0gD78Kq5CLlc1j9e9G8Ejv,485227
0.515,0.198,-17.685,0.0912,0.937,0.793,0.282,0.38,70.081,21YUZQmqekadSlCCZpawCH,191622
0.458,0.155,-17.853,0.0405,0.908,0.621,0.299,0.276,126.281,2bPeAxNC1S1C359ds8Tw3X,526893
0.496,0.127,-14.211,0.0382,0.927,7.07e-05,0.132,0.211,74.746,34zhjduFdQFhkRUJ230h9T,185587
0.313,0.0437,-22.627,0.0315,0.989,0.148,0.209,0.0625,100.827,1CTex49P0iWwzUGsMNjgaV,192867
0.573,0.275,-10.684,0.0534,0.84,0.0,0.196,0.588,140.9,5BLr7EEgi2JdKbMbYjFXas,148267
0.455,0.106,-14.086,0.0422,0.986,0.0,0.122,0.258,66.807,5DIVWgTeJ2fPIxaY9e7ZKn,196440
0.35,0.607,-11.141,0.0498,0.794,0.446,0.116,0.597,187.101,1QlTNF43OyKK9BorIRsJ8o,422640
0.365,0.136,-12.42,0.0436,0.921,0.0,0.103,0.255,64.212,0DuWyzeLH09PQcnOMJiRgE,197707
0.703,0.336,-15.422,0.334,0.0937,0.0258,0.0447,0.712,73.911,5MKYnizdhDDik45mEncVXu,310707
0.83,0.467,-10.936,0.0953,0.0551,1.64e-05,0.0662,0.837,140.569,2C7V873vI6fomP10lVwcfm,198440
0.777,0.402,-9.378,0.156,0.00953,0.000848,0.0973,0.634,73.412,21BiCaMzG9Lfs0Pj5ItwX0,200800
0.637,0.612,-7.298,0.0661,0.0314,0.000326,0.155,0.711,76.295,6O4FoKdYi42CFjfd0MM04n,191160
0.664,0.687,-6.172,0.173,0.00659,0.0,0.135,0.525,86.348,4o6ZuLYr04LqFQNiSGVK4u,258653
0.758,0.786,-4.897,0.108,0.156,0.0,0.0658,0.786,83.495,5Wwr2S7QZTR5PVJn6jhgdk,234587
0.683,0.724,-4.436,0.0988,0.0909,0.0,0.339,0.741,80.932,43CAMHDrAVA3nJP2zgKJDI,208467
0.935,0.479,-10.981,0.306,0.107,5.25e-05,0.118,0.773,123.644,5LyfiK6iXEIBNEtcaGKohl,211000
0.605,0.641,-8.291,0.0446,0.0503,0.0,0.121,0.972,146.84,1QtWWUzwEGwpJlDRmpOSEg,177440
0.826,0.49,-10.477,0.0676,0.00916,4.41e-06,0.0415,0.627,74.126,75FYqcxt1YEAtqDLrOeIJn,180267
0.711,0.433,-12.042,0.0611,0.471,0.00426,0.12,0.934,87.527,389R9arpxdfl0JA450Qn9m,201267
0.587,0.446,-9.388,0.0648,0.547,0.0,0.09,0.753,177.943,452CB7U24P2K6HiBS4PRY4,187107
0.775,0.652,-7.881,0.0583,0.149,0.18,0.0458,0.671,137.866,155vJ1VsYZ87Gldi1gNss8,255800
0.825,0.433,-13.085,0.337,0.0585,0.0,0.0618,0.687,127.686,0GGPUysb8GpCG76dQH63te,200960
0.846,0.543,-8.244,0.188,0.113,1.49e-05,0.0849,0.772,80.812,1TBjuwSsm731S048oMDehz,166213
0.782,0.386,-15.443,0.0302,0.0184,0.0,0.0525,0.904,105.849,7vCEPLGrLHqBHyRPPsweYY,195558
0.703,0.355,-7.761,0.16,0.204,9.82e-06,0.0642,0.638,159.104,36aH0Y3Zy5jCRpVLvbXBL7,190760
0.738,0.717,-8.788,0.0458,0.543,0.0275,0.136,0.961,104.525,7w995RX3iGe8h2wmvDEa8u,166480
0.743,0.443,-11.808,0.0878,0.049,1.25e-05,0.131,0.467,84.159,41Z1gnggllzvu7qOWTaSTE,175027
0.82,0.487,-7.968,0.0519,0.0647,0.00112,0.104,0.713,98.141,1LQaNLmuB7CoCw4AbSIK54,136347
0.958,0.569,-7.895,0.0713,0.104,0.169,0.0778,0.966,122.08,5uxBt9ZluGjgdVGj8oXkiX,232667
0.852,0.44,-11.456,0.0747,0.761,0.157,0.102,0.964,135.399,29E5CC1KBt7BwBFCN7hVqH,155387
0.772,0.406,-6.347,0.24,0.81,0.00966,0.075,0.497,88.14,20y4i5i8JBwrlre86Om8W9,109947
0.816,0.522,-7.697,0.219,0.756,0.0,0.205,0.869,98.703,7gYWCaKeuAJKhGiauRrFsj,234080
0.731,0.621,-8.026,0.0519,0.0379,0.000777,0.119,0.936,76.124,5tn8ftoAruutNf8AqoSWHv,150253
0.851,0.267,-16.025,0.0847,0.676,0.00828,0.0442,0.824,83.444,5HiTmpnvgLnofi31wuG0EA,188414
0.87,0.449,-9.106,0.0501,0.304,0.0,0.11,0.934,89.662,7p5t7svNy4ER18lmLd47gt,151253
0.937,0.512,-8.431,0.0986,0.569,0.0134,0.24,0.965,115.18,6UP58GoB80kzAX6eowFj3M,189760
0.946,0.557,-7.522,0.0544,0.212,5.58e-05,0.0246,0.968,111.721,3r1b96elp29kgVq4fHCsC2,118387
0.673,0.665,-6.794,0.101,0.194,4.17e-06,0.355,0.908,101.86,5lIIQj7ZGpqa6qaZ5Pgc5O,137427
0.633,0.313,-12.29,0.0566,0.798,0.0,0.205,0.62,155.445,4mE0swmToqH3VTxczrriGJ,195440
0.811,0.482,-10.099,0.0479,0.235,0.000915,0.12,0.922,116.544,3CCm37PRX6o0SAzgzR2WiD,197987
0.703,0.661,-7.255,0.0503,0.366,3.38e-05,0.23,0.915,109.444,3t3ef0BO5oPbaeYUJsxGWW,205680
0.54,0.7,-8.992,0.103,0.0353,0.0,0.153,0.809,80.046,0Fx1OZsFHjFMVNoZVa5YHV,188467
0.872,0.622,-7.329,0.0448,0.186,3.05e-06,0.154,0.95,141.295,2UFkQ2jhMnp2NuWqFSC023,216787
0.77,0.418,-7.834,0.133,0.574,3.42e-06,0.0861,0.93,83.041,028ARUhVE9NpsVPX8V1WWy,151133
0.555,0.308,-15.024,0.129,0.374,0.581,0.205,0.6,179.924,0ST6B44PZWbEKlNYJcSaAn,161200
0.913,0.84,-9.777,0.181,0.48,0.000165,0.0653,0.939,111.971,4NR2wBGHCFb0ryfw51BKK8,144840
0.862,0.568,-8.617,0.12,0.752,0.0,0.0702,0.881,92.737,6bvbc4422kioQ00SVNMwCr,158760
0.715,0.578,-7.54,0.102,0.00354,9.59e-05,0.301,0.918,74.349,34nNIDXjXDkaSghgY8XJTF,163920
0.771,0.398,-11.013,0.206,0.287,2.35e-06,0.129,0.652,85.693,4lEMaKJGOLL1f0QdJMTUza,153360
0.863,0.577,-10.523,0.366,0.0899,0.000584,0.177,0.961,97.083,1j6a7sbu9NvsZUJtHFyj7K,136221
0.664,0.494,-9.874,0.0445,0.0389,0.00383,0.143,0.48,84.128,0FQdjip13LhPA4CFK9cOwR,149760
0.645,0.565,-8.365,0.0748,0.773,1.66e-06,0.1,0.801,92.771,4oQqhPHN4Q8QeKZYrjRNKr,203182
0.838,0.51,-8.524,0.123,0.332,2.16e-05,0.0678,0.819,146.601,4t5V4BI03aLxsT7mp7vBMu,158227
0.854,0.652,-8.467,0.0571,0.583,8.77e-05,0.131,0.948,128.04,6FjQMNFRwyedMWtGjaWmvl,175280
0.854,0.38,-16.803,0.316,0.544,0.223,0.066,0.777,81.731,55ycfO5gPho2ds0IudKQGK,190653
0.779,0.533,-14.152,0.0535,0.272,0.159,0.13,0.944,142.495,4PKri4OX2AB2RXj95Y9ZgB,211467
0.796,0.526,-10.325,0.369,0.597,2.12e-06,0.076,0.905,150.439,2OW7O0i5KH33BUiDod0gve,222440
0.827,0.636,-8.907,0.113,0.565,0.0,0.293,0.945,73.887,1XFESCoXEeL60F1KuzYee8,117373
0.665,0.512,-7.967,0.0871,0.555,0.0763,0.278,0.612,139.41,3Zm42u5pi7fZVT8IZlUBjk,150907
0.709,0.498,-10.026,0.298,0.424,1.36e-05,0.103,0.664,86.441,64YvaxRkeT672OYXba28nE,195292
0.763,0.521,-11.169,0.0431,0.223,0.0,0.254,0.972,131.182,0e0FpjVh20tBrnHt3rekG0,156547
0.759,0.393,-14.697,0.24,0.252,0.122,0.105,0.466,81.375,1Ef5iG4lKhb33gonndqvkp,195285
0.79,0.529,-7.741,0.391,0.531,0.0177,0.145,0.966,76.124,5E8rGBEtO1erEnOjpmaT39,131640
0.814,0.445,-9.974,0.035,0.513,0.00136,0.099,0.962,105.344,1m5aQKPW5KaQa9kWrtGOx7,180920
0.675,0.541,-9.14,0.0456,0.475,0.00144,0.165,0.887,104.512,4nmxuQs4WVenP0Kk83xtxh,158800
0.867,0.401,-9.49,0.255,0.408,0.743,0.072,0.49,81.125,4AZ3e2OdN8kWk0q5oVF3dl,179293
0.924,0.484,-8.96,0.205,0.0166,4.31e-05,0.0764,0.96,123.37,6Kc2RjSw2HXKNU2BZRlniN,166787
0.772,0.689,-9.329,0.197,0.522,0.0149,0.101,0.949,139.805,20Pv33mbJKBMUURzMpLr3p,174219
0.73,0.567,-7.121,0.144,0.52,0.00164,0.063,0.804,87.684,6El7fcz3FF1JbEPAwbsBJu,190893
0.846,0.516,-6.334,0.379,0.141,0.00209,0.0724,0.799,76.062,4E4WIb8yqs5jHMVAaVIOfc,152773
0.872,0.516,-10.467,0.0587,0.268,0.00425,0.218,0.961,110.979,08bRUmisdtmcWvt4Gr6hnD,106800
0.821,0.51,-12.768,0.0506,0.439,0.00695,0.0767,0.978,121.627,7KGxXt2w2MPLZmcfAQrGKq,172773
0.75,0.463,-9.519,0.0335,0.211,8.65e-06,0.0971,0.962,100.101,2ndv4sCWLXakWkpagG2CqH,252467
0.607,0.475,-9.248,0.0361,0.65,0.000655,0.141,0.882,100.534,0Dqao6FoNVAv0UOllI0b0d,146280
0.883,0.554,-7.572,0.0478,0.506,0.000147,0.24,0.985,123.138,40VWRV2m76Ra1nMwOPxSBZ,192387
0.936,0.499,-10.853,0.318,0.367,0.00459,0.0832,0.961,132.219,3txMcReRByvnyTr8HTirMI,134733
0.786,0.6,-5.54,0.194,0.324,2.61e-05,0.0612,0.864,147.225,6jNKJ3tW2MOApL3cYMSj4L,154253
0.9,0.675,-8.139,0.0896,0.139,0.465,0.195,0.437,108.666,00F7KL6HIWNJNfQwszn7uI,171053
0.633,0.436,-6.13,0.24,0.777,4.04e-05,0.0671,0.914,158.987,5Tx4LTzQIYIJFMdzONWjcJ,121093
0.73,0.404,-9.03,0.0371,0.228,0.000388,0.251,0.734,120.907,0qb0IWHeAUSzAINvtg853t,198960
0.793,0.626,-7.968,0.0387,0.0167,0.000704,0.0698,0.64,125.9,6qDLGV4JSQ2vwjdBNjxoHX,156760
0.893,0.442,-14.298,0.109,0.264,0.0,0.117,0.969,145.199,3mX9OqJiqLFTakCk1WrzG2,149973
0.727,0.443,-8.943,0.086,0.294,0.000316,0.169,0.709,108.502,5KYdwJCvwGsAeTwUJn8ZIe,169200
0.805,0.419,-9.273,0.0919,0.474,0.00103,0.292,0.851,99.831,6p23ND9fHO5zPyLYL3OJ8H,201293
0.773,0.484,-9.653,0.27,0.705,0.0,0.166,0.934,128.691,20WM9L3FvTpQdJudUgxRXk,136185
0.938,0.496,-8.217,0.0445,0.569,0.000804,0.0452,0.844,107.438,7lg50PPjR4ae8VaSXWp46z,177307
0.736,0.442,-13.887,0.0569,0.141,0.0308,0.102,0.945,147.054,3FEEfb772gpjK2J7GUsEb8,222667
0.858,0.473,-10.158,0.0411,0.121,0.000376,0.0855,0.93,105.114,2Wv7ETWvaAmsQT2hk0Hk76,163827
0.909,0.454,-9.122,0.16,0.797,0.000802,0.0998,0.798,133.364,2pkdn2EnKnjzpoK5YPvlbt,174840
0.644,0.537,-7.288,0.0277,0.016,2.62e-05,0.174,0.964,129.745,3psNhzVGVWbCu1tpS5ITEP,187400
0.851,0.384,-12.109,0.0916,0.414,0.00257,0.0905,0.707,85.458,0GaBEO2qlE1ONCfQI1jI7q,172453
0.534,0.572,-7.343,0.0354,0.0302,5.69e-06,0.101,0.422,110.717,1D9puj0iQTCtCSq7tmgWyu,155627
0.512,0.532,-7.232,0.0251,0.0783,5.3e-06,0.103,0.794,106.479,7L5sy94KcLmkDcxcGbuzrC,176347
0.893,0.544,-9.232,0.0381,0.439,0.000794,0.0485,0.967,108.761,6zN1eYnMZ80UHV3MLmHilT,244640
0.9,0.732,-7.659,0.0686,0.0113,0.000445,0.0445,0.962,138.83,0ee3Dr3rH7NSxOVcmlbsHJ,209453
0.661,0.591,-7.297,0.15,0.144,0.00232,0.139,0.932,121.881,2GaIku5Q5PRguR8OdpHJXD,200733
0.82,0.603,-8.566,0.113,0.152,0.0,0.359,0.822,79.513,3R85E9l94NyQwqcEZcqnPv,311133
0.857,0.468,-8.53,0.0476,0.00414,1.32e-05,0.269,0.843,89.119,4uOKFydzAejjSFqYbv1XPt,183733
0.707,0.525,-7.356,0.302,0.017,0.000162,0.0771,0.476,200.753,1G88BbuMts7HC0nHGoHmhv,247467
0.708,0.661,-8.907,0.0386,0.18,0.0808,0.125,0.933,168.154,3VXtRTAn8RyKM5qTa5Tazi,254453
0.632,0.757,-8.665,0.313,0.000635,0.0,0.102,0.89,169.943,2WoKCEasaj7751MbvYeEcx,225333
0.667,0.833,-8.788,0.0356,0.00747,0.00913,0.211,0.885,155.005,11nF2K1iXn9Ettln1Nc29b,275320
0.654,0.612,-7.371,0.0469,0.485,4.08e-05,0.067,0.658,124.208,7BECNKQnIHCREUGA0Zty7g,161560
0.897,0.685,-8.763,0.198,0.00403,0.0,0.0931,0.691,93.957,11hTfTUePHgMu4VpaNZ3Ir,242827
0.844,0.835,-8.715,0.0593,0.0304,0.0119,0.105,0.895,91.559,4xJqi0uHh629XvW7WlKRxZ,228920
0.713,0.685,-8.663,0.142,0.0115,2.19e-05,0.122,0.685,172.957,2rbhnnqBoizShumb5Ul8oR,338453
0.799,0.642,-7.889,0.129,0.138,0.0,0.0689,0.838,93.04,4B6mG7n0BxvasblplYkgV5,295533
0.881,0.553,-7.376,0.0487,0.075,0.0,0.0639,0.835,99.022,0sgx4UjoIrLB8rFURf3tIr,225093
0.609,0.784,-8.865,0.0831,0.121,0.00281,0.421,0.91,155.556,3CATV9Xarrz4sK5Audiq6r,240333
0.819,0.382,-10.301,0.0752,0.0992,0.411,0.0846,0.195,131.901,1S0ByRYztydxw1l4FEv0H4,177373
0.777,0.418,-8.084,0.112,0.137,0.011,0.263,0.606,73.283,2CFxgaypHjxdYWgfGFoDs0,173560
0.902,0.568,-9.344,0.107,0.0992,0.00703,0.122,0.734,130.303,37UsDnU8CMBbZ1bV1WZAkz,185533
0.657,0.457,-6.29,0.0552,0.052,0.000172,0.112,0.26,77.88,7EKP7Qa6F4GKtxxnlLLxnV,260893
0.745,0.49,-9.007,0.215,6.3e-05,2.76e-05,0.144,0.829,143.356,208LH3OhnvwWjS5CYLi4Tu,178427
0.593,0.687,-9.858,0.0426,1.95e-05,0.0,0.0801,0.588,145.466,1m8km5zdC0WDsdwKnCZ6sa,269133
0.851,0.603,-8.436,0.049,8.39e-05,0.0,0.115,0.89,125.243,7z9tKI5lpgMmvEsVpchGiz,227480
0.762,0.6,-7.992,0.0351,0.00257,0.000461,0.276,0.827,143.216,0kEwYCc9znHQObgdUh6dGl,193520
0.787,0.654,-10.176,0.0567,0.446,0.811,0.133,0.895,92.373,0qQspNKsu9bkU6SsqE8WlZ,187747
0.938,0.633,-9.661,0.11,0.146,2.21e-05,0.0487,0.43,121.845,1fsp1ZvQ6F5nf8Ut5TBtAX,168947
0.927,0.343,-11.236,0.125,0.0558,0.28,0.125,0.941,107.465,2jPPgh86mHf4bpOEImL43D,154360
0.63,0.544,-8.355,0.0661,0.0682,0.0403,0.147,0.707,75.424,4UjAUBivCvCFc5La3N4FS2,153320
0.781,0.667,-7.047,0.0539,0.764,0.6,0.261,0.826,128.413,4A4ZnYm48DkalkEs6FzeYq,152080
0.769,0.807,-5.639,0.0629,0.17,0.649,0.344,0.896,132.165,6pY3iDQ1w3e9iYU3S6eZYp,183360
0.703,0.525,-7.988,0.0913,0.00988,0.117,0.12,0.942,149.112,58iAnoublg2Xhnqj0uVBtD,156747
0.7,0.591,-6.037,0.175,0.0738,0.0,0.054,0.848,125.88,5xY9cBSbw8AqfjET2v2wmK,180933
0.71,0.395,-10.232,0.17,0.00209,0.877,0.133,0.724,150.064,1olSpPwEMoBafhP4xXGA6Q,155667
0.634,0.472,-9.198,0.0498,0.141,0.0,0.143,0.709,76.757,5l1w4vYo1UJSauY3Sh5Dxi,225493
0.724,0.54,-8.867,0.0534,0.00333,2.49e-05,0.0768,0.813,138.272,0zks1idFKPaGpTItkwXF8l,231093
0.608,0.551,-9.272,0.0467,0.242,0.00259,0.226,0.936,79.215,4GUCioRTxUL5ooTurwWd73,185640
0.784,0.583,-6.936,0.0994,0.209,0.0,0.0835,0.884,145.477,6iZR9QYgzGUbuwuznpU5KA,185720
0.734,0.519,-8.966,0.0416,0.0904,0.171,0.369,0.851,121.458,5ppySBXXkUzmr1jplNTWOC,208360
0.761,0.439,-10.126,0.129,0.3,1.27e-05,0.0944,0.769,166.412,6WNT9qmTeBBXl9VpN9UCgE,155893
0.786,0.487,-9.343,0.0523,0.0127,0.0,0.124,0.679,76.957,2Ra3VriA8iiCDDXbR3AN2X,205627
0.636,0.516,-8.269,0.243,0.565,0.00454,0.122,0.671,172.533,2p2kH4FCxWy0OSkaIuz7an,185040
0.705,0.567,-8.973,0.0376,0.0847,0.213,0.101,0.713,95.378,0AlW6XHtvPH5aG137WGMs1,195773
0.771,0.581,-9.25,0.0719,0.0573,2.14e-05,0.0758,0.834,100.065,2VFyBA1wpU5a4KgZayr1rK,266987
0.714,0.768,-8.1,0.0653,0.171,0.0,0.15,0.871,82.403,1BIXp9KalUDVgsN9xqfcNe,183853
0.642,0.521,-7.53,0.0294,0.286,1.74e-05,0.275,0.955,116.381,1mS95GjtVbZM0rIDjsOVW3,186813
0.759,0.654,-8.462,0.0523,0.134,0.234,0.113,0.664,95.544,5vWscUwJJSsIvKR0YJa8cV,172947
0.848,0.608,-8.202,0.328,0.481,9.99e-05,0.109,0.923,91.712,0sGVA4yzcmscn32zW7rcr3,197213
0.748,0.589,-7.605,0.0381,0.91,0.791,0.15,0.914,89.306,0fzHYp3K1F1JKyQJM3Xy21,133240
0.773,0.505,-7.373,0.0452,0.274,0.000749,0.0854,0.921,110.364,4ssB1yrcmRaNabJQC39DTM,144333
0.902,0.716,-7.786,0.115,0.43,0.164,0.144,0.934,118.444,7qKTh0SeTxq5GECRoCMQcV,190067
0.707,0.465,-9.283,0.04,0.0165,0.0,0.108,0.897,121.845,0gyszXQXBJ73GUAhMmnSwM,165547
0.829,0.633,-9.561,0.212,0.15,0.0164,0.0861,0.794,87.767,62CusNc8LLpl2AWgYJvYMw,170293
0.714,0.67,-7.797,0.0562,0.104,0.0021,0.277,0.736,94.092,66QT68qxiBNyA7b95ur5Bm,232040
0.771,0.775,-6.454,0.0405,0.241,0.00591,0.104,0.824,117.959,5WUAZZPnLetCOjdgTaHnLp,204213
0.766,0.525,-10.356,0.099,0.00839,0.0,0.055,0.864,122.448,4mPd1gJhgcYFRSJyoYAxE8,231547
0.878,0.395,-11.762,0.096,0.387,0.00338,0.312,0.932,120.288,7HwXZSIKEqVEkVRarpUELt,204707
0.782,0.43,-14.285,0.363,0.175,0.000294,0.0603,0.89,72.339,7vp89zcbYncoBCbX5HA3tZ,166773
0.679,0.575,-8.037,0.0715,0.634,0.0,0.165,0.79,102.588,2XIr0KTybGQsC1SFfeaZhI,219907
0.929,0.463,-8.651,0.308,0.142,5.26e-06,0.0634,0.757,124.084,7BfW1eoDh27W69nxsmRicb,255840
0.749,0.849,-5.761,0.0544,0.0299,0.000168,0.115,0.959,145.169,5uPYEStMW3KsXnnLV7iCTw,244253
0.768,0.5,-9.455,0.0554,0.239,0.00202,0.0344,0.96,99.78,0bJ4nQojefjNpeuZNkiLrX,290200
0.916,0.72,-8.548,0.1,0.36,0.00016,0.0958,0.76,103.312,5O4erNlJ74PIF6kGol1ZrC,237000
0.733,0.624,-9.849,0.0374,0.623,0.0,0.407,0.912,114.586,0sDeU2murnLh4yVHQ5IV70,154907
0.835,0.472,-12.176,0.233,0.063,0.0,0.28,0.86,86.055,3bOVMf0QlfxX736BbANe8W,225733
0.886,0.522,-7.971,0.173,0.0477,0.00108,0.207,0.79,82.439,34zWZOSpU2V1ab0PiZCcv4,229160
0.794,0.57,-7.753,0.0645,0.0197,0.014,0.104,0.575,143.977,7HXcSZsNnjm5HV49Rlk7n4,267360
0.839,0.233,-13.539,0.0413,0.745,0.747,0.105,0.777,125.597,0fxjsll9jmmRgMFbwdp4Xg,194293
0.718,0.341,-10.771,0.106,0.513,0.943,0.126,0.487,159.054,0t0F3Qyt3kKFU7rGxKa02t,218693
0.746,0.582,-6.283,0.0394,0.12,2.44e-05,0.0831,0.914,113.058,4aCsgwFhbZ8CmYAotK7W2B,284387
0.885,0.305,-15.75,0.429,0.0556,5.08e-05,0.0776,0.575,137.506,3GCMoKi9KDq7UXmsClqfIQ,326373
0.763,0.391,-10.074,0.0856,0.524,0.00034,0.287,0.675,83.755,4mSa4FTQnnlrSMkbHUdo7B,199747
0.573,0.488,-10.892,0.164,0.109,0.0642,0.185,0.88,173.822,6gyKNejreOJfwfeQQ7fNVw,382773
0.752,0.682,-7.425,0.178,0.244,0.00173,0.0842,0.778,77.966,5kHSFEtrXMjXnqSrgdg4bx,219867
0.806,0.29,-9.192,0.0438,0.231,0.0116,0.144,0.276,79.971,7lbl1Ki2GqaXenJlM4zvGh,207653
0.886,0.825,-9.856,0.0389,0.105,0.00475,0.0939,0.952,103.023,2c4XeVg1yhog37K7Zkjups,252028
0.709,0.733,-6.01,0.0372,0.251,6.72e-05,0.239,0.743,89.9,3jpZREysE0JZ0TiCCEew3H,251610
0.785,0.517,-9.163,0.0802,0.675,0.0116,0.384,0.802,74.488,2M1ixmKMIyYQmt0w8B3BdX,182733
0.699,0.439,-9.65,0.212,0.284,5.52e-06,0.0609,0.725,176.685,7IEaxDFdRJyEpKVYV6iAds,201253
0.637,0.549,-7.494,0.0567,0.159,1.45e-05,0.155,0.61,75.821,7ouKT7R4BgwvAtoyzR8gCc,318107
0.683,0.653,-7.586,0.113,0.0326,8.42e-06,0.0578,0.501,143.224,0mD19MC6H0OzHvEUADHypU,219160
0.755,0.831,-5.576,0.0304,0.233,1.77e-06,0.0891,0.892,93.022,2Rrkgr8Kd0XGNbilwip6r8,218200
0.636,0.423,-10.976,0.0671,0.339,0.465,0.108,0.881,112.657,5uqqDha6xHfmP4Gu1VyYxd,176091
0.681,0.378,-10.386,0.0357,0.284,7.02e-06,0.125,0.426,90.722,1YemGb3XEDUtAw2mDXgjmW,249821
0.771,0.439,-5.835,0.1,0.974,0.000452,0.13,0.892,157.436,5zKlKlmfKl5xnALE2ZskEB,110088
0.832,0.545,-8.55,0.0577,0.0426,0.000119,0.0748,0.888,91.995,0aJNqdKdmaRnegDDzOUelc,241615
0.841,0.547,-8.69,0.0601,0.845,0.256,0.0704,0.844,112.852,44Oy8VNAjajn6zT2BRUxzy,167600
0.822,0.616,-5.509,0.181,0.249,1.07e-05,0.107,0.665,83.689,2zOtovzvUDmLziEnXYtXZg,203093
0.739,0.758,-6.418,0.103,0.405,5.18e-05,0.0808,0.787,92.878,1YAXrOLk7EGfv1tlSnGOqi,280960
0.866,0.544,-10.88,0.0614,0.351,0.683,0.055,0.967,124.182,4JOhRev1re0tKTIDUiHWOn,175360
0.857,0.786,-9.549,0.0387,0.374,0.955,0.0547,0.818,128.45,1Oeey02HNBNBirWvHstVS2,145933
0.55,0.36,-9.834,0.0439,0.427,0.00257,0.0806,0.876,198.296,7vEUzhrht7OqeF4FcNyAbx,153787
0.711,0.487,-10.213,0.055,0.566,0.00074,0.0702,0.941,157.823,1ZvUYUE6MLTmvYz8n3Z9VR,165853
0.329,0.358,-11.556,0.0364,0.244,0.00132,0.117,0.929,203.555,2BypO3o5BRKYkID98UQDQY,153467
0.738,0.348,-11.583,0.142,0.638,0.00138,0.108,0.96,103.428,2F38h0l6HlhwfF4SCkcsIi,166600
0.885,0.288,-12.101,0.0719,0.721,0.0,0.112,0.924,96.354,684eWRwlJWEAhOZnirWcEL,168040
0.928,0.228,-16.683,0.118,0.365,0.0,0.0672,0.962,98.768,45AoBvEZ7pAougubnpaBQE,180160
0.775,0.403,-8.856,0.223,0.667,8.93e-06,0.148,0.614,86.283,4cHPVNePXgjzknHxty1VQi,160307
0.838,0.347,-13.358,0.0516,0.52,2.74e-05,0.149,0.81,91.071,6KGW4kHrDGsDvyUTDduRuW,148893
0.683,0.387,-11.362,0.0816,0.661,0.000981,0.139,0.307,151.921,2RvMpOxSYXbOrrlCATGbs2,201707
0.676,0.315,-11.673,0.0402,0.338,0.044,0.0821,0.536,85.086,4tawIo5zC9yIaX63JKeD5f,212600
0.751,0.29,-9.524,0.161,0.901,0.000103,0.138,0.876,171.645,4y8vOLeFZGHSeG6yJOKGbW,167520
0.708,0.279,-10.658,0.0381,0.661,0.00112,0.0992,0.749,82.093,2owTznrjP8EU6RWWtRwh1p,172933
0.797,0.413,-9.769,0.0549,0.294,0.386,0.0716,0.812,93.169,1t1n7aB3m6GbuUyh0hMTLl,166813
0.625,0.568,-10.095,0.0437,0.761,0.364,0.0541,0.758,78.147,7egILYPRuh0cJASXYSMDiO,197160
0.81,0.435,-10.384,0.0351,0.305,0.000702,0.109,0.826,84.686,443VQIhCLNhVnQlQqHgIOM,198720
0.571,0.371,-9.799,0.0348,0.321,0.00022,0.0583,0.789,176.814,2hTRr2UxDJmHYXXgW89Mhx,217013
0.656,0.414,-11.143,0.0451,0.279,0.00919,0.221,0.566,85.461,5pcn42rKqM1RqI2VAERxwA,208120
0.767,0.225,-19.188,0.0359,0.601,0.106,0.108,0.733,81.156,04ZaKWF8eYEsVhO8mNxvhB,200387
0.806,0.395,-6.903,0.0516,0.552,0.000837,0.118,0.947,87.795,44Sqr0Wf8UIY4F4bHxRkmN,146672
0.748,0.602,-3.589,0.0421,0.405,0.00368,0.283,0.912,80.395,0bhm8fwHLh1OQlvL1ey71e,191883
0.872,0.456,-7.723,0.0659,0.61,0.273,0.081,0.638,78.199,1RU0noHNSNBBgZAarFLYvy,185893
0.847,0.373,-10.905,0.118,0.35,0.00183,0.277,0.601,77.487,5p0zSEdyC59aCOd7sFYjg4,159947
0.837,0.372,-14.901,0.0505,0.567,0.858,0.186,0.895,162.928,1Xh9pzwK8pUpDIXVC1AbR9,150869
0.761,0.614,-6.786,0.114,0.69,0.000896,0.0776,0.904,164.299,4v6iaARbqmHtyaiP7wazRr,165067
0.742,0.435,-9.162,0.124,0.42,7.32e-06,0.0924,0.625,83.355,2XTSni6joC6dtqry69nXwH,153213
0.593,0.367,-6.987,0.0428,0.162,0.878,0.202,0.905,170.846,0KHN2kDPcVdhMPV0RVHiRU,201213
0.627,0.447,-9.159,0.22,0.227,0.23,0.26,0.814,156.456,1PmPNcT7oxjTcL60w8ZF9b,130667
0.667,0.397,-10.929,0.0453,0.868,0.00615,0.0786,0.899,167.825,50wl4ceK1FASG2rGkkp2fT,158760
0.666,0.706,-6.556,0.144,0.483,0.734,0.162,0.854,168.964,2k39ES8EcOY3IeEOzsdAb4,156720
0.781,0.481,-7.879,0.054,0.212,0.0,0.181,0.597,71.283,0Hu8gNKjd1WJRY3BFp8Vf7,152040
0.795,0.519,-9.514,0.0357,0.137,0.808,0.126,0.945,154.948,3X6b40Xr4zxbyLatxilx6T,149453
0.864,0.528,-8.645,0.106,0.376,0.776,0.31,0.81,121.753,1lUhuX9dXk4U1xSsx4p74z,183577
0.816,0.523,-9.937,0.0586,0.618,0.411,0.0681,0.949,125.723,04cCYxaUC2LObYVTGlRYBX,163538
0.903,0.696,-6.896,0.13,0.729,0.728,0.0545,0.902,106.268,1TnIDb52hYg5P5kHLUyTqX,175000
0.655,0.675,-9.352,0.0599,0.272,0.0236,0.727,0.587,77.589,423hwXFgoN8RYmqLoLuVvY,427800
0.824,0.366,-10.96,0.145,0.039,0.106,0.0403,0.895,73.949,4DQttwipnILl88cru3BRZx,249533
0.399,0.212,-16.03,0.0747,0.7,0.000434,0.116,0.149,137.76,1dZxI6OuzwJ283y3gOU1Kq,164067
0.707,0.716,-8.962,0.0879,0.057,4.25e-06,0.36,0.966,154.118,0czsQ1YOT71kdVfyFoTy3U,222600
0.671,0.256,-10.743,0.0387,0.608,0.0,0.0737,0.694,115.871,26PwuMotZqcczKLHi4Htz3,233560
0.831,0.65,-4.508,0.0601,0.155,0.262,0.105,0.826,101.681,7LOAChK8Lkj8ZdF1LuhNWP,152867
0.888,0.521,-6.845,0.306,0.229,0.0,0.0794,0.962,143.879,4SNxXAQ8QMlxLhYVX7nuoE,154333
0.681,0.713,-6.736,0.105,0.0624,0.0,0.0565,0.893,73.618,5Me6F9y6iArvYxyuP30m14,290627
0.73,0.584,-7.441,0.0486,0.0238,0.0798,0.107,0.414,83.769,50QPOvKYebMWt8EBckwSyl,218680
0.913,0.427,-15.221,0.114,0.0275,1.66e-06,0.0767,0.804,118.028,54cMaPPTAoC57ZgnMTJKHM,322000
0.7,0.473,-9.893,0.0687,0.129,0.000891,0.0452,0.578,91.558,30ELPvO4DH57Rq2kgj7a8e,207000
0.586,0.663,-6.547,0.0825,0.161,0.0,0.198,0.693,170.743,4abVwdCy5QUcyI3KS2lMJK,217200
0.811,0.428,-10.728,0.221,0.0122,0.317,0.344,0.653,80.962,0INtJm8gCJKtNaAYQNVlpZ,277893
0.722,0.605,-6.07,0.153,0.825,0.0178,0.248,0.709,165.998,7ixiCZEHWHc8FxaQXQh2P4,196507
0.789,0.41,-10.662,0.0513,0.188,0.0,0.0855,0.931,146.439,18GLelA5vVdzd9X7WGPmJ8,155987
0.704,0.597,-8.192,0.037,0.686,0.000273,0.303,0.932,78.349,2YmuRtJSxhPRdslwoqBgE1,196280
0.863,0.457,-11.445,0.0601,0.0105,0.000774,0.0978,0.382,73.724,70idjVtmzhvE1tXgHYEF2y,230040
0.792,0.256,-12.525,0.191,0.229,0.548,0.35,0.563,87.774,44L7aDHaRzb9pMWEZjSH8u,177000
0.818,0.475,-11.088,0.17,0.367,9.14e-06,0.0524,0.724,78.496,5xMGVCPC8fptCrhBGqeFxa,181394
0.75,0.474,-10.641,0.243,0.0497,0.0013,0.0896,0.425,164.889,4czopM9AcLjrH4IunzRoBg,387307
0.87,0.299,-13.409,0.248,0.122,0.0514,0.0926,0.933,75.895,4llIZen1Cn4mi3DJm2Lqlz,317360
0.772,0.46,-11.489,0.327,0.0279,2.21e-05,0.0633,0.8,78.786,58Zt987fK6gWxtO0MwEzPn,256240
0.79,0.442,-14.09,0.0873,0.392,0.0,0.639,0.965,150.137,4qsHN0A1uiS4stUbDjlUbe,204223
0.895,0.571,-8.636,0.0501,0.208,0.0,0.0781,0.933,128.171,1Pao4DTLMB4gJPTnqmLgSQ,158893
0.883,0.733,-9.153,0.128,0.161,0.00026,0.334,0.947,95.103,1HGyhNaRUFEDBiVLbvtbL6,245000
0.781,0.722,-8.376,0.0667,0.236,0.000398,0.077,0.533,87.858,0qeKzbUsW0V4ZWRJrHNiD3,229375
0.73,0.561,-12.851,0.203,0.0361,0.0473,0.0493,0.691,80.892,6r9KZ2g5dXZXXLF6vOHnet,231733
0.717,0.719,-3.166,0.0995,0.199,2.62e-06,0.195,0.766,84.623,1nsEptcDye2MUjMJQ1N5Rh,259400
0.802,0.648,-9.228,0.184,0.35,3.99e-05,0.06,0.685,96.853,71zvW0WZ0bap9gphp7Jhgp,280600
0.932,0.359,-12.958,0.0944,0.0597,0.0,0.136,0.906,127.153,2XsW8N3mMRD5blv4KGNHq6,244110
0.737,0.504,-12.201,0.238,0.0143,0.0,0.0543,0.825,130.56,1ViW8CWCiUff8iwlSpeI1r,215027
0.833,0.502,-10.03,0.0996,0.607,0.0,0.109,0.877,130.144,57m9RMS9WpcWZFkMiP3yPV,273373
0.701,0.784,-7.212,0.204,0.128,0.0,0.0713,0.712,145.249,605ZHoLZx7PtQ8fXgvN10K,278872
0.842,0.562,-10.911,0.0995,0.0178,0.0263,0.0798,0.725,131.288,0Qb8jMMKrJiq21YnT6EfeZ,311293
0.825,0.62,-6.083,0.211,0.183,0.0,0.0822,0.744,150.243,6KGggJ08SRmMuJojRYM4Lv,206307
0.787,0.728,-7.705,0.218,0.0124,0.0,0.157,0.94,173.026,1SssFw74DdHVjRa6ADggdD,227067
0.865,0.549,-10.083,0.244,0.0845,0.156,0.081,0.616,142.8,1yxQwMLJIn5oBTOLl38GLL,233300
0.855,0.602,-7.289,0.0595,0.376,0.0,0.167,0.81,77.514,7578oiL9J6tFHXEjfCXFAS,235373
0.826,0.508,-8.713,0.0798,0.148,0.0,0.124,0.91,81.564,1YjBJlLZh4wwnfYZCr3jrE,247800
0.888,0.562,-6.684,0.0516,0.197,1.26e-05,0.077,0.842,126.792,4g4BE9VeeQwPOvQ5sJTpj2,225080
0.452,0.433,-9.189,0.0291,0.241,0.0,0.472,0.832,96.285,7056gVvC7P3PpltHgippd2,161973
0.704,0.861,-4.221,0.0493,0.587,0.0615,0.0992,0.636,128.99,3u5N55tHf7hXATSQrjBh2q,213394
0.613,0.697,-8.618,0.133,0.0194,0.0,0.332,0.476,122.746,0DiWol3AO6WpXZgp0goxAV,320357
0.671,0.882,-6.149,0.0552,0.00181,0.667,0.285,0.787,136.955,5XVjNRubJUW0iPhhSWpLCj,214883
0.638,0.877,-4.449,0.0302,0.0771,0.0221,0.364,0.743,139.052,52LJ3hyknOijCrE5gCD0rE,242053
0.597,0.837,-6.518,0.375,0.00427,0.00115,0.839,0.447,126.342,1xNcBAoUw8Hz6LqK2jt4Ff,171360
0.604,0.755,-10.761,0.0337,0.000298,0.817,0.0625,0.387,137.064,4wtR6HB3XekEengMX17cpc,243267
0.729,0.662,-7.191,0.337,0.00128,0.208,0.305,0.359,124.149,1mv4lh1rW1K6xhxhJmEezy,260907
0.762,0.754,-3.425,0.046,0.00022,0.0665,0.146,0.715,129.026,4LjfIjS8iweFCPdKxLnEoV,151983
0.793,0.5,-13.108,0.0319,0.028,1.96e-05,0.186,0.833,123.017,1EWsVHU4FNAdtN4R8FETag,243160
0.956,0.795,-5.311,0.15,0.00356,0.889,0.0906,0.841,121.294,1pKYYY0dkg23sQQXi0Q5zN,429533
0.605,0.874,-4.949,0.0295,0.000563,0.812,0.112,0.836,125.99,0F2BxpbxH8Yc3pLub48hrb,157432
0.793,0.698,-3.626,0.104,0.163,0.145,0.0745,0.339,130.017,1n7omixiROWs5q6xpWiQuL,285571
0.621,0.923,-3.124,0.0321,0.00645,7.28e-05,0.108,0.716,127.973,4LiJE6pqgsTX3FtukW6bNh,256213
0.753,0.835,-4.631,0.0533,0.000842,8.74e-05,0.13,0.669,123.943,2SCP5oOX5OSp5RT83h2rs0,207067
0.632,0.92,-4.976,0.0531,0.119,0.508,0.114,0.363,127.001,7kXmJwrZGIhDaLT9sNo3ut,290493
0.571,0.953,-5.601,0.0548,0.0011,0.000606,0.226,0.601,137.965,72SpPFrMYCXLB3Fbw9tEgf,233600
0.672,0.941,-6.427,0.0494,0.0276,0.926,0.149,0.754,130.218,1CgbwsrNDlFrRuk2ebQ7zr,193880
0.817,0.716,-8.898,0.144,0.0427,0.00263,0.358,0.692,123.474,5W3cjX2J3tjhG8zb6u0qHn,224693
0.578,0.857,-3.78,0.041,0.00548,0.00162,0.0948,0.188,126.979,1PAYgOjp1c9rrZ2kVQg2vN,195467
0.773,0.813,-4.609,0.0797,0.0331,3.77e-05,0.192,0.707,127.93,2MGRnjJc7C0z3EOEWRqcMw,199387
0.716,0.757,-5.438,0.0329,0.0258,0.00392,0.16,0.877,139.986,5Yaw45Q7W0irDbTVN5LOVs,178614
0.671,0.805,-3.232,0.081,0.0134,0.0547,0.237,0.866,132.051,0vBpyfpW2lARGh3AZFtWRi,203920
0.829,0.965,-11.498,0.0598,0.227,0.000122,0.466,0.729,127.999,7lMIJ4EFWRVoAIPDpeGyM3,219618
0.803,0.885,-3.664,0.049,0.0732,0.312,0.0503,0.654,127.985,1TtteYFQeZfSU8AmfIAOvu,224531
0.626,0.933,-7.681,0.0516,0.000165,0.00621,0.0636,0.291,128.078,7pGboneNRAZ5zwT7M3WayC,181947
0.604,0.939,-7.49,0.0544,0.0102,0.698,0.0723,0.205,139.975,3Q2M6sNKDwoqZGBvwdFqZr,443427
0.266,0.95,-5.646,0.05,0.00212,0.000991,0.0922,0.158,127.986,6A8llSO9QFF4djCCmuCrNu,227880
0.751,0.641,-6.967,0.0461,0.0299,0.0626,0.0557,0.965,129.993,6ouTGbETM7ZdID1eMXZJde,281080
0.808,0.982,-6.588,0.0311,0.0585,0.00689,0.35,0.961,124.999,4fazGt0v2v2zkzddQOcDZD,228140
0.709,0.687,-10.462,0.0519,0.000893,0.000151,0.092,0.765,114.717,6b9hm8mvZ2KH7Fl7LLA5ct,214379
0.617,0.79,-6.983,0.0365,0.00212,0.0455,0.159,0.267,138.001,0EcH1iItB5rVIZaaiQMbsG,190427
0.577,0.729,-14.376,0.0319,0.0953,0.928,0.184,0.177,126.988,5xcunlfaZvD9BDQsLONI7A,567107
0.727,0.889,-3.277,0.093,0.0809,3.42e-05,0.198,0.656,127.011,6yeO8fapOJGqL8Hr0Da2l3,401360
0.675,0.862,-4.614,0.0253,0.0165,0.000427,0.169,0.498,129.967,77FULy278MulVvGWS8BfK7,191000
0.714,0.642,-10.241,0.0868,0.00251,0.887,0.186,0.102,137.834,4dFsZLGVr40S9veNWXBCoe,177027
0.631,0.912,-7.591,0.0362,0.0346,0.539,0.0729,0.329,138.043,0P2sfcfRD0lWw4b8eXegmR,216360
0.675,0.868,-9.118,0.0572,4.82e-05,0.909,0.0875,0.539,125.843,0e8C9dPERvvARURkNOFrrC,217240
0.711,0.937,-5.314,0.0351,0.146,0.763,0.324,0.57,134.21,0ygoI3HcoGScxt879A23Uk,221160
0.672,0.592,-7.189,0.0311,0.158,0.00346,0.113,0.489,127.974,62h4GYm6aTqS0dsfJtKYIX,283040
0.682,0.93,-4.036,0.0846,0.000125,0.0123,0.0481,0.46,127.867,0TBaFEx7WENZgqLXWErD0b,219947
0.699,0.737,-6.724,0.0368,0.00385,0.000471,0.0392,0.543,124.981,77w8cBOdasP7aNcPD9Dec8,239213
0.588,0.749,-7.621,0.035,0.0264,0.0,0.139,0.248,129.959,5bJ3imTI0ErWNsFWEgi5F8,208027
0.8,0.64,-9.428,0.0637,0.000701,0.801,0.277,0.0938,125.008,1Hi9I8Qwt1ADYYlzDge3Np,326835
0.721,0.794,-6.134,0.132,0.0195,0.00013,0.283,0.562,103.211,6A4Kuy7JL0Znab3Skgloiv,228493
0.693,0.665,-8.111,0.0255,0.00299,0.118,0.347,0.616,130.998,3SbCWIF7UaSewGfGHkFEI2,199320
0.776,0.878,-3.377,0.0304,0.00141,0.000204,0.0574,0.96,130.022,4s3CHmungRHAI5ho2edqXb,211600
0.71,0.757,-10.636,0.0302,0.0352,0.00306,0.138,0.492,127.107,7gWc0QEt2hoIkMv3XxPY1T,213547
0.541,0.931,-9.687,0.0552,0.326,0.129,0.325,0.148,128.584,4RQGig0Vhr4GXmqfklCCyK,189701
0.615,0.913,-5.077,0.0816,0.178,0.0,0.0773,0.45,129.944,6FbGlkHKGkYqpSCuBgurn3,188000
0.607,0.852,-5.106,0.0347,0.0169,0.603,0.364,0.718,127.996,62JXnYxY7u5JVLtpTbnOKw,193530
0.529,0.747,-6.087,0.0344,0.0567,0.00127,0.0957,0.195,128.014,3GhICQNsmPCPgG7RyHAV8q,237293
0.654,0.856,-4.197,0.0586,0.517,0.0,0.128,0.574,129.928,6hL8PxitrG9hSXUmgWkG3N,184846
0.556,0.944,-5.556,0.0296,0.00154,0.0295,0.209,0.341,128.012,595nqFsvxhQ6CO2YG65W2D,253933
0.67,0.945,-6.721,0.0365,0.0228,0.686,0.0572,0.806,135.972,1GMw17BGY1vDWNJ4xVo9V6,199133
0.898,0.593,-6.211,0.0615,0.00616,0.904,0.276,0.419,127.013,2RSxUNaF8EZI3B7guqXAPk,187402
0.579,0.981,-7.433,0.0994,0.00991,3.22e-05,0.515,0.276,142.025,2rVa6UVT2f95l3bGcMGCWQ,218586
0.677,0.687,-8.209,0.0515,0.000197,0.322,0.157,0.315,135.993,23x1l5fneuI3tfw52NftWH,489373
0.658,0.947,-6.922,0.0445,0.252,0.13,0.142,0.412,139.997,2EhlTKxStybQpKktuuanws,199680
0.794,0.901,-4.652,0.0698,0.0251,0.00997,0.139,0.794,123.67,1EYYoG6P9cQdYXG6Nv5mXu,392669
0.501,0.869,-4.103,0.0395,0.00781,0.000308,0.255,0.352,120.859,53SqGkNJAYLss9AgbduTqQ,255187
0.526,0.935,-5.015,0.04,0.000594,0.77,0.925,0.0581,138.048,6aMbSmv99DETtr97inIrJ4,236522
0.678,0.896,-8.017,0.0395,0.00676,0.79,0.664,0.678,126.001,12lTG2CsivVTCJH21qgkVz,501213
0.703,0.848,-5.41,0.0363,0.0143,0.000248,0.358,0.502,138.033,1QfJwbwcWUHheqVo3yRfpd,178495
0.509,0.904,-7.045,0.0405,0.00442,0.843,0.653,0.153,132.009,4LIbYKwuUBMKmqyZZC7XVg,270965
0.574,0.901,-6.49,0.0278,0.000407,0.00079,0.117,0.483,134.987,3GQmTjG7lCwEiujCanfRQI,276000
0.698,0.852,-7.204,0.07,0.000681,0.156,0.0446,0.158,126.02,3RaCcyWwRIdczuefF10UCb,224843
0.662,0.881,-4.202,0.0357,0.0202,0.000825,0.132,0.732,126.986,56kdmEz12GpKkEzxhtHdl7,189388
0.64,0.939,-6.844,0.0463,0.000985,0.483,0.0867,0.311,126.036,4PQCrz4sk00dIEmkwmmJCr,211533
0.648,0.691,-8.917,0.0386,0.00145,0.00441,0.126,0.389,130.014,2WMur8xCATjMHLgpPHdosc,181230
0.774,0.7,-9.332,0.0375,0.000711,0.196,0.0719,0.22,119.98,2jBQYMPjY0UspZAVyYPRUG,581227
0.62,0.832,-9.651,0.0335,3.05e-05,0.438,0.128,0.39,134.959,6SDy0CHEvHB591MeizBrqY,524933
0.708,0.471,-7.667,0.0354,0.0086,0.00839,0.179,0.356,125.019,7nuPjNAEL3qcEUcZre7rJF,220640
0.73,0.719,-13.856,0.0369,0.0546,0.719,0.109,0.144,139.876,1cSOchpDSHvJjtBHLVrxT1,207067
0.398,0.827,-5.41,0.05,0.0473,0.00703,0.682,0.41,127.975,6FrchQ8NDHUI8ucAvz5zha,217500
0.64,0.952,-5.645,0.059,0.000114,0.00276,0.163,0.284,127.941,2YdJ7ZnaXUMZcGe46eCiER,236707
0.698,0.897,-7.583,0.0608,0.0111,0.396,0.671,0.387,126.014,3vVdNuzFHL0hmT8Xq4vbhY,205920
0.83,0.676,-9.153,0.069,0.000457,0.935,0.283,0.602,128.042,4HolTVfZ37wQTg0eO29J3k,187500
0.504,0.77,-9.047,0.0252,7.67e-06,0.798,0.0943,0.694,132.022,1lJUIg0FtOqApq4XPQqjrk,271587
0.555,0.783,-5.593,0.0433,0.00624,0.000501,0.359,0.614,129.954,3gB5UMJqzC8Mt6ZBvGH8sP,200187
0.418,0.724,-8.32,0.0386,0.041,0.0019,0.129,0.526,127.908,35cYPqBXqob7yitjk4Cx3M,235867
0.482,0.831,-4.611,0.117,0.08,0.0,0.121,0.46,128.079,2D7KdXI212C2evy5hh1tI5,221493
0.908,0.931,-5.93,0.174,0.00151,0.798,0.0626,0.265,128.016,3fbGgsysR0OKzsdr20HD4T,393333
0.685,0.615,-8.146,0.0539,0.0852,5.64e-05,0.0838,0.167,125.988,58ma0p0GQqxfbe5vNFraUs,220238
0.689,0.456,-7.558,0.0632,2.73e-05,0.57,0.0823,0.575,129.97,4oNm4AlbUo8XEDayfLxoup,288053
0.781,0.536,-5.228,0.0543,0.00193,0.667,0.0643,0.282,129.997,71kHGcF4NcAqKUopKqdtm7,437538
0.65,0.967,-5.674,0.13,0.0349,0.19,0.779,0.319,127.995,0X7ELV6fLyjynJ3MexWh4X,213173
0.567,0.599,-5.616,0.0305,0.000704,0.000315,0.168,0.366,134.98,3pVwawYlhHg9cLKWpeaN3l,151621
0.556,0.883,-5.046,0.0718,0.000242,0.0252,0.272,0.49,128.109,6ZTdvFWrzZc7CUEaVV0NmO,226480
0.289,0.818,-8.427,0.059,0.0144,0.218,0.0638,0.437,170.565,74rPAWzJdu1g43PtBpTGrf,213547
0.742,0.876,-5.394,0.0641,0.207,0.0,0.338,0.466,128.032,42bWEclg5KT9KUbJYblSR5,228501
0.812,0.696,-11.057,0.0629,0.000151,0.939,0.127,0.331,124.95,67nOnSiH1QRUiYihmLBmwI,384734
0.704,0.807,-7.292,0.0746,0.003,0.00924,0.301,0.588,127.039,0t2xiLKPyfwxpuwmTKaiZ3,210000
0.492,0.773,-5.845,0.0369,0.0022,0.835,0.305,0.197,123.974,2drOnGxH4NvagDjre7GXCd,365080
0.561,0.766,-5.058,0.0478,0.00358,0.000117,0.141,0.28,135.075,65UKBA32AVBzthOGP62D2U,189067
0.753,0.844,-6.053,0.0446,0.0337,0.00467,0.34,0.825,130.022,5yjKR9RIBWixx9Cjz6FUft,186586
0.595,0.833,-6.761,0.034,0.00674,0.868,0.0763,0.554,132.007,3Gm5H7qzEctu0lDt2a4Kdt,181818
0.58,0.92,-5.026,0.0521,0.00263,0.00497,0.327,0.476,135.015,091jue13VJFSl0OAJG6BJH,225400
0.504,0.856,-10.508,0.042,0.000598,0.277,0.121,0.404,134.999,3BBioBvGxikn3mVT2hhrEm,354613
0.736,0.812,-8.153,0.244,0.0118,0.88,0.638,0.379,127.945,7fvkfIQ4AsdNxDd45yR02F,306000
0.741,0.762,-7.005,0.0464,0.0489,0.0146,0.113,0.561,127.976,13qQorfXRk2aktlkK1WUXj,200320
0.521,0.625,-10.073,0.0304,0.000297,0.202,0.19,0.287,128.949,4x5Y9ORUjOQs5JZk2uJ9bN,292160
0.554,0.917,-2.069,0.0523,0.0122,0.0,0.192,0.309,124.964,6bUSZYa1aaVXSk7HFzizTm,173627
0.722,0.835,-7.026,0.0517,0.00352,0.0157,0.679,0.283,128.033,4ggVmEvo9FzExPonRRqqIS,219147
0.683,0.678,-6.756,0.0332,0.0107,2.27e-05,0.822,0.45,126.988,1Dj7hbBEco5ZT0DqY7Q2IV,160627
0.755,0.993,-6.435,0.184,0.0108,0.000311,0.178,0.488,133.947,6vVBwOqsm2qOhL8ewESBBu,168793
0.49,0.955,-3.23,0.371,0.00111,0.063,0.0375,0.368,127.963,2Ug4PnkxcwkcL3fhM0B9Xe,171280
0.657,0.965,-6.998,0.0756,0.0655,0.00254,0.698,0.259,129.977,4brtBQaAKwan97CyLNIG6t,171692
0.798,0.676,-10.455,0.0558,0.0119,0.9,0.094,0.891,129.997,52wJfSCcUt8qFkU0KYvQ4S,438013
0.596,0.809,-7.95,0.0411,0.000914,0.139,0.163,0.468,127.975,31gTL5XTmcI4JCSglW5Sda,251707
0.595,0.733,-7.829,0.0665,0.000229,8.55e-05,0.352,0.39,127.99,7jI6ZgxuIsMniEf31TaeD9,169893
0.787,0.537,-12.531,0.0787,0.0052,0.905,0.455,0.079,128.007,1QSTWEdeiR8UbrMjZVSOq4,180000
0.57,0.921,-5.686,0.0266,0.00796,0.442,0.689,0.607,129.007,6I9eRIQ8ZCNM3VPAqYMgkx,208360
0.822,0.879,-10.105,0.0942,0.185,0.314,0.129,0.332,135.651,1HYiVTgxERP2llm0yFzVNj,371493
0.549,0.735,-4.839,0.0574,0.26,1.84e-05,0.0962,0.471,130.022,7mafch6fDbXB2on5mxijln,205200
0.65,0.867,-3.786,0.0434,0.00441,0.000299,0.163,0.74,130.056,0XJ2Ng4XAxKjzpst5drVdm,211600
0.673,0.939,-5.344,0.0964,0.0218,0.884,0.0821,0.0373,130.738,2rVoUSkbUS0dbKrHkZN2mi,357160
0.665,0.919,-5.428,0.062,0.0425,0.367,0.465,0.153,128.019,7sOtNnr0Qv0WN0oWMj64yF,264375
0.589,0.892,-7.191,0.0389,0.0165,0.0122,0.0769,0.588,128.011,6XWIwu69Yu7BwQJzDajYRY,224987
0.586,0.814,-7.041,0.0396,0.117,0.000497,0.581,0.425,131.008,6k8cUsxbFMNoArTr2M0hEA,223520
0.635,0.876,-4.426,0.0884,0.00184,0.00175,0.439,0.884,128.052,6mMeuIonqBIcuzCGY5Soqe,224640
0.379,0.76,-10.961,0.0378,0.00298,0.0296,0.104,0.491,99.436,73TxYZd0lBCVRrHawrAglA,274088
0.741,0.697,-7.028,0.0277,0.0664,2.28e-05,0.133,0.774,116.109,2LawezPeJhN4AWuSB0GtAU,160133
0.315,0.715,-8.072,0.0362,0.00125,7.97e-06,0.0942,0.497,155.925,6Qyc6fS4DsZjB2mRW9DsQs,289533
0.496,0.739,-7.193,0.0415,0.0211,0.00444,0.106,0.378,132.41,4JiEyzf0Md7KEFFGWDDdCr,336000
0.502,0.89,-5.175,0.0364,0.000147,0.0117,0.217,0.259,133.52,57bgtoPSgt236HzfBOd8kj,292880
0.466,0.833,-4.215,0.304,0.0266,0.0,0.0327,0.661,88.785,59WN2psjkt1tyaxjspN8fp,313573
0.445,0.856,-3.674,0.0327,0.000202,0.0101,0.367,0.486,105.872,0NJC0FDCODpPUntRTTQq97,308333
0.577,0.828,-8.691,0.0298,0.00213,0.0114,0.0581,0.604,123.257,5sICkBXVmaCQk5aISGR3x1,331267
0.532,0.887,-3.757,0.0335,0.0778,0.000214,0.294,0.795,122.511,37ZJ0p5Jm13JPevGcx4SkF,249293
0.452,0.524,-10.108,0.0351,0.315,0.0,0.103,0.246,151.505,3ovjw5HZZv43SxTwApooCM,312360
0.429,0.631,-11.514,0.0769,7.85e-05,0.00411,0.175,0.376,162.734,1jzDzZWeSDBg5fhNc3tczV,168440
0.693,0.394,-15.882,0.0428,0.0782,0.000694,0.247,0.721,104.114,4gMgiXfqyzZLMhsksGmbQV,238747
0.454,0.91,-7.766,0.0448,0.0866,0.0996,0.116,0.629,125.116,7o2CTH4ctstm8TNelqjb51,354520
0.574,0.913,-4.793,0.133,0.061,0.00158,0.156,0.423,115.728,2zYzyRzz6pRmhPzyfMEC8s,208400
0.564,0.932,-10.068,0.0554,0.013,0.169,0.349,0.619,112.937,78lgmZwycJ3nzsdgmPPGNx,146250
0.654,0.929,-5.906,0.0998,0.0468,0.0,0.0539,0.902,144.774,6KTv0Z8BmVqM7DPxbGzpVC,168840
0.308,0.747,-5.434,0.037,0.0645,8.27e-05,0.431,0.278,139.454,6beFuzSjwhOKFZp2aqYDdY,356160
0.54,0.584,-9.579,0.0254,0.0108,0.00296,0.253,0.244,139.261,4aYLAF6ckQ5ooGGGM7sWAa,386493
0.548,0.691,-13.553,0.0369,0.015,0.106,0.144,0.667,137.145,4KfSdst7rW39C0sfhArdrz,261933
0.256,0.641,-10.283,0.0552,0.199,0.0329,0.0853,0.382,203.006,11LmqTE2naFULdEP94AUBa,281160
0.332,0.769,-11.503,0.0765,0.00367,0.00413,0.0372,0.525,157.378,0TI8TP4FitVPoEHPTySx48,354774
0.556,0.864,-5.87,0.0584,0.00958,0.0,0.209,0.4,105.143,60a0Rd6pjrkxjPbaKzXjfq,216880
0.389,0.873,-4.768,0.0475,0.00532,0.0055,0.273,0.303,106.767,69QHm3pustz01CJRwdo20z,312293
0.37,0.866,-3.879,0.0384,0.0868,0.0,0.137,0.427,162.086,74irxdVWstNlEQjsvArITq,316693
0.249,0.834,-8.21,0.0577,0.0738,9.48e-05,0.0924,0.338,118.223,5EWPGh7jbTNO2wakv8LjUI,547107
0.619,0.67,-10.322,0.0353,0.00165,0.0109,0.331,0.777,129.269,45Ia1U4KtIjAPPU7Wv1Sea,211933
0.421,0.751,-9.584,0.0472,0.2,0.0,0.17,0.789,89.839,6ToM0uwxtPKo9CMpbPGYvM,145867
0.282,0.605,-4.916,0.0294,0.0047,0.00144,0.103,0.0783,103.929,0qlZQGo9f7Ea24PPLnXq2R,403453
0.476,0.717,-9.192,0.0949,0.0382,7.61e-05,0.0818,0.753,93.584,0QwZfbw26QeUoIy82Z2jYp,166267
0.39,0.649,-5.163,0.0345,0.172,0.0,0.216,0.144,121.161,5qlJg0Wbj3sslxfwiaRNpq,299723
0.536,0.901,-7.211,0.0374,0.00145,0.0186,0.06,0.666,87.559,3QZ7uX97s82HFYSmQUAN1D,276880
0.572,0.835,-6.219,0.0317,0.171,0.000377,0.0702,0.795,129.981,7N3PAbqfTjSEU1edb2tY8j,241600
0.459,0.83,-6.254,0.0364,5.15e-05,0.00014,0.206,0.431,155.827,1ZozJfi8u9cO2Ob8KwiwNT,316733
0.422,0.752,-8.682,0.0449,0.0366,0.000119,0.129,0.403,120.471,1ju7EsSGvRybSNEsRvc7qY,356627
0.768,0.852,-6.215,0.038,0.214,7.36e-05,0.0723,0.867,128.373,07q0QVgO56EorrSGHC48y3,271240
0.58,0.885,-5.154,0.0715,0.1,0.00157,0.146,0.788,145.405,6zGDIDjfDkPyNxrEERO3XG,137933
0.511,0.97,-3.72,0.0414,5.6e-06,0.00136,0.18,0.566,132.986,2R6UrJ8uWbSIiHWmvRQvN8,304693
0.472,0.9,-6.406,0.0582,0.148,0.000297,0.34,0.42,95.826,3KhF2YiNpJvGpfiCW45R6D,214960
0.649,0.903,-3.677,0.0318,0.000841,0.000351,0.122,0.412,121.841,5u5F7qLDvZjBSktaDp4HxB,225947
0.282,0.656,-6.557,0.0302,0.0105,0.0,0.0892,0.242,139.352,0S3gpZzlT9Hb7CCSV2owX7,251867
0.483,0.753,-8.937,0.0832,0.425,0.000142,0.257,0.42,115.102,15VRO9CQwMpbqUYA7e6Hwg,261093
0.743,0.446,-7.807,0.0683,0.0039,0.118,0.337,0.278,123.596,3dPQuX8Gs42Y7b454ybpMR,232107
0.438,0.71,-12.412,0.0919,0.262,0.537,0.221,0.53,145.928,63OFKbMaZSDZ4wtesuuq6f,210373
0.464,0.795,-9.267,0.0926,0.0493,0.00244,0.399,0.612,158.691,63T7DJ1AFDD6Bn8VzG6JE8,202267
0.714,0.937,-2.947,0.0399,0.206,0.0,0.0731,0.964,124.13,5EOoMWIB9iK4ZpcSex9Ec7,194147
0.504,0.911,-2.97,0.0738,0.00512,0.0123,0.355,0.671,106.244,70Z9t1qhytWtG4cCmmi7mU,179760
0.54,0.982,-2.962,0.0458,0.435,3.37e-05,0.0457,0.91,126.294,6gQUbFwwdYXlKdmqRoWKJe,265773
0.423,0.954,-3.157,0.047,0.0021,0.0,0.177,0.5,144.553,3jJZVeExYzVYiV6Y9Fl3DX,310347
0.31,0.7,-5.678,0.047,0.011,0.00965,0.0828,0.763,188.386,08mG3Y1vljYA6bvDt4Wqkj,255493
0.509,0.874,-4.7,0.0396,0.000229,0.00638,0.0988,0.406,120.082,5AEOqLsRJFAoSS4ay4Jzao,218920
0.451,0.931,-3.871,0.0719,0.00076,0.0049,0.361,0.172,122.961,1jJci4qxiYcOHhQR247rEU,302840
0.52,0.655,-6.519,0.0394,0.105,0.00384,0.124,0.29,126.593,310d8Vawp5kYDYrGrrTAzl,273853
0.584,0.779,-5.656,0.0721,0.259,0.00606,0.28,0.518,94.841,6wbbeA1FcbqXiJs7aIA8x7,195000
0.634,0.599,-5.447,0.0365,0.0288,0.0,0.197,0.312,112.215,2fyIS6GXMgUcSv4oejx63f,175440
0.277,0.663,-8.821,0.0377,0.000409,0.00051,0.136,0.527,104.561,20I8RduZC2PWMWTDCZuuAN,237027
0.368,0.936,-3.207,0.0623,0.0146,0.00192,0.0923,0.568,164.427,2EtZFeLn9msgg4qJzT9Vql,203733
0.527,0.766,-5.327,0.0375,7.4e-05,0.00365,0.115,0.304,117.994,09v3dFgd3YwrD0U5gkNaTg,256573
0.624,0.91,-5.703,0.0297,0.0285,0.000198,0.0789,0.767,104.042,7kzKAuUzOITUauHAhoMoxA,193051
0.591,0.939,-4.911,0.0533,0.000156,0.0111,0.0882,0.856,150.249,6U5hUX40OWY6l0HaPUWElZ,200400
0.401,0.902,-4.115,0.0469,7.32e-05,0.00465,0.261,0.57,136.873,47oXAoC5TynVLCZ3FKb0gC,174453
0.606,0.532,-4.173,0.0248,0.0956,1.27e-05,0.276,0.695,95.315,13bEwk7dTy0RdOAY3ZNNBD,205213
0.545,0.873,-5.193,0.0825,0.0263,9.1e-05,0.145,0.748,150.841,2Uf9WTBWMA8S9Lh3k3Rui6,208973
0.252,0.8,-4.845,0.0368,0.12,0.0538,0.118,0.29,139.361,6Hmj7SrLRbreLVfVS7mV1S,335333
0.495,0.931,-5.336,0.0469,0.0025,0.0819,0.246,0.617,104.05,3f7OyfSoDbQC0LRDQiytPp,244293
0.659,0.591,-6.713,0.0313,0.441,0.000861,0.0862,0.707,121.14,73M2Vb5MfZh8iGKudkMtlw,245640
0.211,0.849,-3.994,0.116,0.00605,0.000436,0.263,0.59,175.616,4KspXoCVJXGY1VrvEe1Hdm,180267
0.526,0.895,-5.407,0.0543,0.0603,1.3e-06,0.582,0.655,101.016,3PbsDnKdrZY0ttX7VE9s5R,277467
0.542,0.906,-4.213,0.0491,0.021,0.00043,0.377,0.515,120.014,6CES1554HcWMIVroJfmmBm,245456
0.37,0.941,-4.783,0.0602,5.26e-05,0.675,0.0732,0.382,120.501,2urZOEgVXM7rj59Ui0FuNn,251547
0.615,0.658,-7.299,0.0343,0.096,0.000911,0.205,0.293,150.093,7v9VgPcjy7gPRsHZjKPUhU,227080
0.331,0.961,-4.627,0.0663,0.000146,0.0,0.322,0.882,168.355,6gGSSrKMiV2yec1DrqGhhy,161720
0.546,0.878,-5.137,0.0525,0.0133,0.0,0.135,0.35,119.945,48bo7uexDvAThcRDvEB2W7,255400
0.542,0.818,-4.653,0.0318,0.000558,0.0141,0.126,0.29,132.048,2hUHm19fmQnJ40LZXqjhZt,191040
0.492,0.779,-5.022,0.0498,0.0292,0.0,0.129,0.445,104.966,1F5A4LpF8ylUVtPoMAvNvn,196027
0.465,0.883,-4.259,0.0297,3.29e-06,0.506,0.101,0.644,140.047,7DoMGZLVzga3vhyZlb0hBX,219707
0.596,0.807,-7.893,0.028,0.000132,0.264,0.312,0.288,117.016,3nClCcBmn9NnrRQkQTkx1J,219893
0.604,0.655,-7.088,0.0273,0.109,0.0019,0.125,0.59,115.038,7LZN7FkxHZk6maiN6NdI2i,180413
0.489,0.649,-5.11,0.0336,0.000603,0.713,0.101,0.77,158.009,57Xjny5yNzAcsxnusKmAfA,219827
0.245,0.974,-2.523,0.0496,0.00045,0.438,0.363,0.644,141.885,1VcIbyyDX8j0GNxSlsRFeJ,184133
0.401,0.933,-5.682,0.0344,0.00744,0.627,0.318,0.734,127.193,0xOeB16JDbBJBJKSdHbElT,310893
0.319,0.757,-6.117,0.0432,0.016,0.0,0.102,0.101,122.465,5lRzWDEe7UuedU2QPsFg0K,322173
0.463,0.836,-2.776,0.0381,0.000418,7.38e-06,0.25,0.713,141.955,6BqWhxll86CGGE6WxgdRqG,165120
0.456,0.971,-5.159,0.0678,0.00743,0.000205,0.128,0.397,141.567,57rAvblBMBmdPBugRF1T77,343773
0.455,0.881,-5.587,0.0401,0.000566,6.06e-05,0.11,0.201,137.949,0eDQj41kzBhMKQIkTt6OJR,331200
0.64,0.868,-5.527,0.0341,0.0986,0.0454,0.242,0.798,115.968,7rL602DQps4QmrrjbinLzP,353086
0.438,0.94,-3.249,0.0452,8.74e-05,0.0777,0.3,0.421,100.99,4iG2gAwKXsOcijVaVXzRPW,261000
0.402,0.926,-4.441,0.04,8.18e-05,0.119,0.0658,0.649,125.116,1fBnzFTxI1wqtU0ZR1pxrf,192493
0.551,0.819,-4.489,0.0525,0.0103,0.0437,0.153,0.846,174.917,2DrGEaqoruCSn0FffWCf5O,137760
0.515,0.848,-4.835,0.0375,0.000486,0.0,0.0946,0.475,119.84,3NPiFBw3mA9qbJfo0nhk6X,287567
0.63,0.942,-5.186,0.0869,0.141,2.12e-06,0.0958,0.753,136.155,5Bp3OmGILMam5w6KnafdKY,202293
0.288,0.758,-5.692,0.0371,0.00616,0.0,0.303,0.619,97.094,2AT8iROs4FQueDv2c8q2KE,201726
0.473,0.621,-8.698,0.0291,0.0253,0.000366,0.19,0.782,173.083,2Lumsra3kuU61wXkEKzKaK,152761
0.699,0.6,-6.328,0.134,0.00231,0.00963,0.114,0.586,142.037,7lnXzMcgaK7CnzaQ7wj6k0,148092
0.549,0.87,-9.453,0.0543,0.00249,2.08e-06,0.127,0.671,138.078,3Obu3jvFSfgLF3pSbi64Vj,254693
0.466,0.954,-3.633,0.132,0.00015,0.00343,0.387,0.396,170.058,72aCha2Meq7txnk451hz7k,220173
0.64,0.74,-4.083,0.0284,0.0115,0.00678,0.167,0.785,116.879,6K4t31amVTZDgR3sKmwUJJ,216320
0.18,0.915,-6.855,0.0946,0.0224,1.43e-05,0.0929,0.101,94.578,35b08f3X5XiuTV0oJHZB9g,215360
0.415,0.668,-6.849,0.036,0.212,0.0615,0.27,0.842,180.048,6wNUBZNWFxdUGof6vkaykE,206052
0.548,0.865,-5.325,0.0302,0.00171,0.000449,0.457,0.61,116.046,7KsZHCfOitA5V9oQYVdltG,303013
0.659,0.792,-7.101,0.0301,0.0186,0.0407,0.102,0.467,108.011,0BPKqNWOKQam19tKWoZQwu,261133
0.803,0.757,-3.212,0.0597,0.0175,0.0,0.195,0.623,130.019,5voKHxbIqgBU7fZMX8Lu0T,350227
0.763,0.786,-6.472,0.229,0.0146,0.0114,0.0817,0.504,93.857,33ZXjLCpiINn8eQIDYEPTD,325507
0.857,0.706,-3.082,0.159,0.00539,0.00259,0.117,0.322,95.722,3WgTbafC5uRpdQdFndQYxE,353760
0.546,0.908,-1.655,0.417,0.215,9.47e-06,0.107,0.59,116.885,4ljDnzzqwnRIynr1g55um4,256133
0.684,0.834,-4.524,0.0675,0.0646,0.0,0.271,0.538,164.02,5A6OHHy73AR5tLxgTc98zz,217667
0.899,0.713,-2.752,0.366,0.255,0.0,0.0708,0.777,90.051,7iL6o9tox1zgHpKUfh9vuC,193467
0.813,0.703,-5.077,0.268,0.125,1.26e-06,0.237,0.241,94.828,7N1Vjtzr1lmmCW9iasQ8YO,224533
0.735,0.932,-2.86,0.224,0.128,0.0,0.175,0.318,129.583,52JyHLUiugFECIYBWM2qdh,299507
0.614,0.574,-7.961,0.466,0.0253,3.2e-05,0.38,0.755,125.173,3VzJE6yGuj8fDExUh6TLnc,209107
0.712,0.772,-3.024,0.346,0.0521,4.35e-06,0.0368,0.848,84.722,3G0yz3DZn3lfraledmBCT0,249480
0.646,0.813,-3.846,0.299,0.349,9.37e-05,0.0427,0.895,92.729,70FCugJxa7XW04Np6iYJdI,224440
0.489,0.692,-6.672,0.41,0.0322,0.00608,0.315,0.527,96.946,0x7U32vZzq7e1qVpA0MBwK,237707
0.589,0.827,-2.938,0.384,0.0143,0.00151,0.14,0.386,161.978,5STdMlrBf6pqWiNE7WqxSi,256240
0.534,0.63,-7.048,0.191,0.0915,0.0,0.489,0.484,174.199,1N9JazWqQEGOtcDfL0IAaK,190293
0.802,0.785,-4.781,0.207,0.14,0.0,0.123,0.435,99.998,60WcXjimfbhk6T0gj1Eufg,206400
0.701,0.728,-4.554,0.255,0.00971,0.00115,0.361,0.0591,171.388,7w9bgPAmPTtrkt2v16QWvQ,326467
0.854,0.954,-1.185,0.246,0.543,0.0,0.201,0.67,114.609,4hEl2wrneFEJbJ6SDYWd2f,248133
0.803,0.855,-3.369,0.246,0.142,0.0,0.299,0.345,87.317,47wFMd4PgA5zq5USEGLGpG,291120
0.781,0.74,-5.065,0.208,0.0375,2.27e-06,0.449,0.527,80.056,67nAU2VBR1i9eBrVLuvajz,404427
0.919,0.657,-2.823,0.0907,0.00293,0.0,0.356,0.659,112.23,4yAVpNElPk8ml1zGwxtwxv,291213
0.655,0.762,-3.427,0.312,0.0219,0.000446,0.093,0.368,82.656,2H72GU6mzrSfGj9R5SDGVP,295667
0.621,0.672,-3.892,0.276,0.21,0.0,0.13,0.228,83.808,7cAHj6pGJUMGMJLBTs1JFe,251267
0.905,0.767,-4.798,0.189,0.0772,0.0,0.12,0.871,147.983,78ce4gBp4x0JfSpzIvDdZo,298960
0.799,0.878,-2.282,0.219,0.0775,0.0,0.51,0.594,95.0,2GlhJyZRWP3MnSXOvnovIa,240213
0.951,0.623,-3.603,0.0503,0.0596,4.36e-05,0.251,0.957,121.006,0ejoA3sOgQpHHvsTb3GDW3,248600
0.515,0.74,-5.507,0.363,0.0493,0.0,0.258,0.765,75.922,2cgqvO5jXaLoAHLNCVT3Vz,281133
0.706,0.771,-5.607,0.314,0.0461,0.0,0.333,0.47,90.949,4AQzADiMYGxee7nr9wuuKS,200213
0.743,0.679,-5.064,0.187,0.0557,0.0,0.0931,0.669,94.216,1WJniFbKc95wCTwblH1mPm,272707
0.551,0.851,-3.277,0.197,0.0748,0.0,0.0784,0.1,171.411,6yr8GiTHWvFfi4o6Q5ebdT,297893
0.857,0.644,-3.062,0.147,0.0741,0.00361,0.241,0.355,92.05,4jY8Ey5uVOMKoKjq9u7X7O,214093
0.829,0.428,-9.469,0.0831,0.056,0.00413,0.137,0.45,148.075,5jnxxpX2834SB6LJ0S73Uz,299333
0.674,0.695,-8.636,0.278,0.0387,0.00202,0.194,0.773,151.486,3uqinR4FCjLv28bkrTdNX5,221840
0.572,0.822,-6.015,0.361,0.207,0.0,0.359,0.472,94.812,7dltD9eEX7X1zk8JJ9BS0e,289000
0.533,0.739,-3.573,0.0602,0.029,0.0,0.266,0.617,81.37,50M2QjfSM82wkJ1d0iV4mh,234307
0.687,0.793,-4.254,0.166,0.0603,0.0,0.582,0.751,107.045,5sNESr6pQfIhL3krM8CtZn,205733
0.814,0.779,-3.271,0.235,0.175,0.000671,0.0605,0.544,93.43,6ltPEsP4edATzvinHOzvk2,268005
0.92,0.891,-2.398,0.253,0.0313,0.0,0.083,0.311,95.295,20LxTsa6936zOlzTWqoPVt,161600
0.925,0.737,-1.292,0.0777,0.092,0.0,0.169,0.603,133.946,0Zh5U48tZNeAzzLTV1CVBE,222240
0.587,0.931,-4.426,0.467,0.103,1.16e-06,0.346,0.445,155.964,1aUT4xl8iiYNr6emik4qTB,283733
0.66,0.867,-4.285,0.116,0.11,0.0,0.0368,0.377,93.033,1QnvpPFP4Q3FHbDchqWiWy,180480
0.862,0.648,-7.401,0.251,0.0455,0.0,0.0332,0.637,98.012,6mZcNu9i8uhOYMiEAyEx81,235533
0.63,0.78,-5.353,0.221,0.00499,0.0,0.206,0.281,155.779,7l7tTR8FVBemCeJBrzBOXm,286453
0.892,0.628,-3.832,0.216,0.169,0.0,0.102,0.676,92.063,6HHytHLXLX8QfWTtGfFSvH,266067
0.617,0.717,-7.858,0.153,0.00564,0.0,0.408,0.49,103.992,4y6c5vMzKKM3KsMbHtjKx5,311867
0.646,0.696,-5.572,0.342,0.0192,0.0,0.0762,0.625,92.88,5XJJdNPkwmbUwE79gv0NxK,207401
0.596,0.62,-6.133,0.039,0.0122,0.0,0.82,0.102,80.029,7rWwv1ePazmRzmJs4sARhI,271600
0.843,0.806,-5.946,0.269,0.143,0.0,0.0771,0.613,94.948,0I3q5fE6wg7LIfHGngUTnV,270507
0.727,0.974,-2.261,0.0664,0.103,0.000532,0.174,0.965,79.526,2PpruBYCo4H7WOBJ7Q2EwM,235213
0.865,0.657,-6.722,0.076,0.0404,0.0,0.14,0.316,111.115,3fLJfEJuyfZVYJ01BB9vnV,268960
0.94,0.743,-5.166,0.0475,0.317,0.0,0.0909,0.932,118.988,3qKGvSu1inEZKwYQnMavNA,212360
0.862,0.479,-9.199,0.0645,0.0523,0.00126,0.589,0.924,109.877,3QHONiXGMGU3z68mQInncF,301520
0.832,0.87,-4.2,0.166,0.269,0.0,0.415,0.577,137.998,6cj8s9tWTahcd0XmnM2tVj,240747
0.922,0.573,-5.161,0.277,0.131,0.0,0.305,0.66,93.929,2ujbOwvdiH020TO5EucGiX,230053
0.78,0.575,-7.247,0.273,0.43,0.0,0.143,0.773,84.492,3moMtpCsPJvXirsyRwsD6u,252747
0.676,0.61,-8.818,0.224,0.0173,0.0,0.0693,0.531,86.051,3uHtqo4p03pchrYlbzvKct,252360
0.78,0.754,-5.377,0.0952,0.135,0.034,0.0467,0.81,82.394,2MuJbBWAVewREJmB8WdGJ3,260307
0.831,0.935,-6.02,0.197,0.0374,0.0,0.33,0.367,102.836,4LujRMTMwAfFKjm45tixHY,259227
0.871,0.819,-5.439,0.298,0.0138,0.0,0.0608,0.857,98.699,771lQyKAtqXRpZ7iM4JsbP,345733
0.667,0.747,-7.059,0.189,0.337,0.0,0.115,0.918,86.917,6aZlt4oQGhNxUCXQK6V8ZQ,203493
0.678,0.77,-4.399,0.222,0.00583,0.0,0.109,0.412,90.0,158DIbrVt4YbqNnWyRCS3P,284000
0.765,0.88,-4.361,0.116,0.176,1e-05,0.139,0.929,168.96,0Ed7MeXx64f6OcIuoTRCg1,215200
0.947,0.655,-4.243,0.0609,0.0331,0.0,0.0433,0.787,104.485,1MYlx4dBtiyjn7K8YSyfzT,284800
0.863,0.771,-2.77,0.19,0.00954,0.0,0.288,0.812,95.029,1YrHyDbH17btvI2rFTkbCQ,234733
0.756,0.722,-7.479,0.281,0.000763,0.0,0.157,0.654,94.612,5mCaES3XyZHLN3vkUpxrjv,238413
0.521,0.625,-7.47,0.067,0.0301,0.0,0.121,0.136,101.019,0r2Bul2NuCViraT2zX1l5j,334067
0.82,0.809,-6.759,0.251,0.443,0.00175,0.0613,0.737,83.011,0svl7cK07gK1ia5ainczU5,231240
0.763,0.85,-3.052,0.0417,0.0304,1.21e-06,0.371,0.761,91.519,3ia3dJETSOllPsv3LJkE35,284907
0.538,0.675,-2.3,0.335,0.245,0.0,0.362,0.519,78.985,3ORfa5ilEthp2U0TRcv7kv,288880
0.936,0.678,-3.012,0.21,0.0795,0.0,0.0838,0.822,96.911,5stZnlPMYz3Ba8Hbo3ajlP,255640
0.549,0.853,-4.293,0.188,0.0285,0.000296,0.618,0.346,94.695,0WKYRFtH6KKbaNWjsxqm70,211493
0.787,0.799,-4.68,0.0993,0.189,0.0,0.3,0.835,143.052,3kZoay4ANo86ehb6s4RwS9,303053
0.848,0.854,-3.305,0.0845,0.47,2.29e-06,0.106,0.876,120.024,2wD3LhUzTSWBJjL52TFrc7,298773
0.73,0.807,-6.475,0.114,0.179,0.718,0.28,0.727,114.715,5J7iGuzi7Nj8SGvt0TAVzK,179280
0.63,0.782,-5.44,0.132,0.0828,0.0,0.034,0.418,140.144,6A6am7JK6SNzIKOGlU53sw,247947
0.642,0.846,-3.856,0.423,0.112,0.0,0.045,0.519,179.548,3tFI8AEosXedl4jEQwwwSg,190653
0.925,0.659,-4.763,0.231,0.206,7.88e-05,0.279,0.71,97.018,5LjYsYZRBWcxUNPEW69qkP,214227
0.769,0.818,-1.385,0.192,0.263,0.0,0.0787,0.918,88.017,64E7c7HdsIbbDWDSGxNJVF,240800
0.757,0.719,-3.797,0.108,0.0192,0.0,0.084,0.814,150.011,0LVghzBGRulc2TX9HFLYBl,193387
0.732,0.731,-2.171,0.0924,0.526,0.0,0.0496,0.799,140.211,46qtEi9qJOXxmY0qel1wpN,221933
0.671,0.885,-3.464,0.132,0.0451,0.0,0.46,0.525,142.02,2S9Hmv3pv86ScVA8XnFmOW,278640
0.727,0.696,-4.472,0.0706,0.251,0.0,0.0726,0.467,132.077,7n8UWYTawkrcC1KBsY5XRc,392827
0.94,0.633,-3.56,0.0467,0.0581,4.04e-05,0.281,0.962,121.003,2RzWl7MCWqwQbTkA3vwGUk,248680
0.924,0.749,-4.433,0.264,0.0181,0.0,0.163,0.745,97.005,6ZVbPhbq4ezK8gxF7r8LfH,322267
0.833,0.681,-6.248,0.356,0.0406,0.0,0.0926,0.839,85.497,0l08dcPEqNEUhymVBext8h,268400
0.713,0.91,-5.586,0.282,0.34,0.0,0.304,0.51,83.028,7fuoqve1SOEBmhc2PoQTF0,268960
0.951,0.6,-4.675,0.0685,0.106,0.0,0.0712,0.822,125.04,0k2GOhqsrxDTAbFFSdNJjT,218573
0.735,0.824,-4.143,0.036,0.615,0.0,0.158,0.726,100.202,5qTvkDrSfvwDv6RBjjcfQr,211666
0.907,0.859,-3.969,0.28,0.282,0.0,0.0676,0.853,116.925,79Ot5mE1cG9Ge4YQKAJT1d,209373
0.663,0.91,-1.629,0.317,0.0719,0.0,0.244,0.342,144.993,77q65VGEbRnJlnX50UfnZS,229227
0.766,0.793,-6.638,0.166,0.0303,8.09e-06,0.173,0.652,91.925,2PRsh2LNPxoxC9OnErnelg,260800
0.772,0.59,-6.957,0.183,0.0917,0.0,0.101,0.743,83.998,3LGeYNY9aWQuBJovOOowqm,238267
0.767,0.872,-4.25,0.0761,0.153,0.0,0.518,0.565,112.6,74OqjT3PMVWlZAyqUt4FgG,263280
0.666,0.715,-5.276,0.261,0.111,9.69e-06,0.23,0.725,88.046,31ZkEyJlfJtCjyMhmZxLEd,223507
0.69,0.618,-9.36,0.0904,0.0175,3.26e-06,0.0891,0.733,174.038,4stm6lf1vQBSl7Eq4Npzr0,240893
0.975,0.711,-3.904,0.0632,0.168,0.000552,0.0799,0.815,110.621,0wbDgMuAoy7O7pL3a69uZx,234027
0.808,0.97,-6.098,0.0506,0.0569,6.13e-05,0.154,0.868,114.328,2gam98EZKrF9XuOkU13ApN,242293
0.789,0.858,-5.542,0.311,0.127,0.0,0.349,0.775,140.022,4Li2WHPkuyCdtmokzW2007,219333
0.78,0.657,-7.149,0.317,0.0321,2.56e-06,0.339,0.648,163.969,3IrkbGQCoEPAkzJ0Tkv8nm,245173
0.494,0.887,-4.297,0.398,0.00661,0.0,0.103,0.548,89.554,7sLpSWxQazJzDVG6YGzlVs,234627
0.755,0.631,-4.751,0.302,0.552,0.0,0.5,0.433,94.571,0nLcWJB4ir9430ulKxZZhV,178213
0.569,0.869,-5.432,0.217,0.0342,0.0,0.0718,0.492,86.62,5kMsjfhYMZ1L9Btuu0AIRx,256387
0.551,0.927,-2.263,0.43,0.0508,0.0,0.0739,0.839,171.4,05VHidqx1tV6V7MsCdAIby,192040
0.884,0.679,-5.857,0.282,0.0957,0.00209,0.0289,0.591,76.993,5Tl0HJvynZtKdSUMKbFVVX,238467
0.889,0.818,-4.639,0.253,0.47,0.0,0.179,0.782,96.063,5ByAIlEEnxYdvpnezg7HTX,302760
0.801,0.908,-6.554,0.221,0.00253,0.000655,0.0698,0.805,87.279,20fBuVybkHgjF6vNhSMROD,278387
0.873,0.719,-5.948,0.248,0.03,0.0,0.333,0.858,93.281,5e7ldn9Kwo8Aw9Z8ql9cDj,307773
0.794,0.614,-5.352,0.0467,0.0964,0.0,0.0788,0.663,80.569,7jLbTp3qZzah9kMIdW8e5M,238053
0.78,0.575,-7.247,0.273,0.43,0.0,0.143,0.773,84.492,2g8HN35AnVGIk7B8yMucww,252747
0.748,0.614,-6.004,0.407,0.0672,7.81e-05,0.106,0.57,172.03,36UjTTrSwaAqLkAlf2Ooc4,230493
0.731,0.807,-6.492,0.1,0.181,0.751,0.319,0.765,114.759,2bLqfJjuC5syrsgDsZfGmn,179120
0.665,0.91,-4.682,0.223,0.0394,0.0,0.227,0.887,84.099,0trHOzAhNpGCsGBEu7dOJo,293973
